;;
1;Дом, где жил военный инженер А.П. Шошин;Приморский край, г. Владивосток, ул. Морская 1-я, 1
2.        ;Здание, в котором в 20-х годах жил и работал известный деятель ВКП(б) и Советского государства Я.Б. Гамарник;Приморский край, г. Владивосток, ул. Морская 1-я, 2
3.        ;Жилой дом;Приморский край, ул. Матросская 1-я, 14
4.        ;Дом, в котором находился конспиративный центр Владивостокской организации РСДРП в 1908 году;Приморский край, г. Владивосток, ул. Матросская 4-я, 29
5.        ;Доходный дом Пьянкова;Приморский край, г. Владивосток, ул. Адмирала Фокина, 1а
6.        ;Дом доходный Пьянкова;Приморский край, г. Владивосток, ул. Пограничная, 6
7.        ;Доходный дом Пьянкова;Приморский край, г. Владивосток, ул. Адмирала Фокина, 3а
8.        ;Доходный дом Пьянкова;Приморский край, г. Владивосток, ул. Адмирала Фокина, 5б
;;
9.        ;Доходный дом Пьянкова;Приморский край, г. Владивосток, ул. Адмирала Фокина, 5а
10.     ;Доходный дом Пьянкова;Приморский край, г. Владивосток, ул. Адмирала Фокина, 5
11.     ;Доходный дом П.П. Поповой;Приморский край, г. Владивосток, ул. Адмирала Фокина, 4
12.     ;Доходный дом П.П. Поповой;Приморский край, г. Владивосток, ул. Адмирала Фокина,4 а
13.     ;Архитектурный ансамбль застройки участка улицы Адмирала Фокина (48 строений);Приморский край, г. Владивосток, ул. Адмирала Фокина от Океанского пр-та до ул. Пограничная
;АНСАМБЛЬ;
14.     ;Доходный дом Г.К. Купера;Приморский край, г. Владивосток, ул. Адмирала Фокина, 6
15.     ;Доходный дом Г.К. Купера;Приморский край, г. Владивосток, ул. Адмирала Фокина, 6а
16.     ;Дом доходный Г.К. Купера;Приморский край, г. Владивосток, ул.  Адмирала Фокина, 
;;6 в
17.     ;Доходный дом Г.К. Купера;Приморский край, г. Владивосток, ул. Адмирала Фокина, 6б
18.     ;Доходный дом Г.К. Купера;Адмирала Фокина ул., 8
19.     ;Доходный дом Г.К. Купера;Приморский край, г. Владивосток, ул. Адмирала Фокина, 8а
20.     ;Доходный дом Г.К. Купера;Приморский край, г. Владивосток, ул. Адмирала Фокина, 8 Б
21.     ;Доходный дом А.К.Купера;Приморский край, г. Владивосток, ул. Светланская, 9, лит.1
22.     ;Доходный дом А.Д. Золотухина;Приморский край, г. Владивосток, ул. Адмирала Фокина, 7
23.     ;Доходный дом А.Д. Золотухина;Приморский край, г. Владивосток, ул. Адмирала Фокина, 7а
24.     ;Дом Штабеля;Приморский край, г. Владивосток, ул. Адмирала Фокина, 9, строение 2 (а)
25.     ;Дом Штабеля;Приморский край, г. Владивосток, ул. Адмирала Фокина, 9 строение 3 (б)
26.     ;Дом Штабеля;Приморский край, Владивостокский городской округ, г. Владивосток, ул. Адмирала Фокина, 9, строение 4 (в)
27.     ;Дом Штабеля;Приморский край, г. Владивосток, ул. Адмирала Фокина, 9 г
28.     ;Дом Штабеля;Приморский край, Владивостокский городской округ, г. Владивосток, ул. Адмирала Фокина, 9
29.     ;Доходный дом П.С. Цоя;Приморский край, г. Владивосток, ул. Адмирала Фокина, 10 а
30.     ;Дом доходный П.С. Цоя;Приморский край, г. Владивосток, ул. Алеутская, 27
31.     ;Дом доходный П.С. Цоя;Приморский край, Владивостокский городской округ, г. Владивосток, ул. Адмирала Фокина, 10 г
32.     ;Дом доходный П.С. Цоя;Приморский край, г. Владивосток, ул. Алеутская, 25
33.     ;Дом доходный П.С. Цоя;Приморский край, г. Владивосток, ул. Адмирала Фокина, 10 б
34.     ;Дом доходный П.С. Цоя;Приморский край, г. Владивосток, ул. Адмирала Фокина, 10 в
35.     ;Дом доходный П.С. Цоя;Приморский край, г. Владивосток, ул. Адмирала Фокина, 10
36.     ;Дом Ху-Сын-хэ;Приморский край, г. Владивосток, ул. Адмирала Фокина, 11, строение 1
37.     ;Дом Ху-Сын-хэ;Приморский край, г. Владивосток, ул. Адмирала Фокина, 11 в
38.     ;Дом Ху-Сын-хэ;Приморский край, г. Владивосток, ул. Адмирала Фокина, 11 а
39.     ;Дом Ху-Сын-хэ;Приморский край, г. Владивосток, ул. Адмирала Фокина, 11 б (строение 4)
40.     ;"Клуб ""Лотос""";Приморский край, г. Владивосток, ул. Адмирала Фокина, 12, ул. Алеутская, 22
41.     ;Доходный дом;Приморский край, г. Владивосток, ул. Адмирала Фокина, 14
42.     ;Дом доходный;Приморский край, г. Владивосток, ул. Адмирала Фокина, 14, стр. А
43.     ;Доходный дом;Приморский край, г. Владивосток, ул. Адмирала Фокина, 15
44.     ;Доходный дом;Приморский край, г. Владивосток, ул. Алеутская, 24
45.     ;Дом доходный;Приморский край, г. Владивосток, ул. Адмирала Фокина, 16, стр. 1
46.     ;Дом доходный;Приморский край, г. Владивосток, ул. Адмирала Фокина, 17, строение А
47.     ;Дом доходный Купера А.К;Приморский край, г. Владивосток, ул. Адмирала Фокина, 18 (Лит.А, Лит.А3, Лит.А4)
48.     ;Доходный дом;Приморский край, г. Владивосток, ул. Адмирала Фокина, 19
49.     ;Консульство японское;Приморский край, г. Владивосток, Океанский пр., 7
50.     ;Доходный дом;Приморский край, г. Владивосток, Адмирала Фокина ул., 23, лит.1
51.     ;Доходный дом;Приморский край, г. Владивосток, Адмирала Фокина ул., 23а
52.     ;Дом доходный Демби А.Г;Приморский край, г. Владивосток, Океанский пр-т, 9, лит А
53.     ;Дом доходный Демби А.Г;Приморский край, г. Владивосток, ул. Адмирала Фокина, 25
54.     ;Дом  Даттана;Приморский край, г. Владивосток, ул. Адмирала Фокина, 24
55.     ;Здание управления Уссурийской железной дороги;Приморский край, г. Владивосток, ул. Алеутская, 6
56.     ;Жилой дом управления железной дороги;Приморский край, г. Владивосток, ул. Алеутская, 10
57.     ;Жилой дом управления железной дороги;Приморский край, г. Владивосток, ул. Алеутская, 8
58.     ;Здание Русско-Азиатского банка;Приморский край, г. Владивосток, ул. Алеутская, 12
59.     ;Дом, в котором в 1903-1905 гг. жила известная революционерка Л.А. Волкенштейн;Приморский край, г. Владивосток, ул. Алеутская, 13
60.     ;Дом Тагунова;Приморский край, г. Владивосток, ул. Алеутская, 14
61.     ;Особняк Бриннеров;Приморский край, г. Владивосток, ул. Алеутская, 15, стр. Б
62.     ;Здание Купеческого собрания;Приморский край, г. Владивосток, ул. Алеутская, 16
63.     ;Ансамбль многоэтажных жилых домов - памятник советской архитектуры 30-х годов;Приморский край, г. Владивосток, ул. Алеутская, д. 17, 19
;АНСАМБЛЬ;
64.     ;"Здание бывшего театра ""Золотой Рог"", в котором в 1923 году перед трудящимися Владивостока выступал М.И. Калинин";Приморский край, г. Владивосток, ул. Светланская, 13
65.     ;Доходный дом;Приморский край, г. Владивосток, ул. Алеутская, 26, стр. 1
66.     ;Доходный дом;Приморский край, г. Владивосток, ул. Алеутская, 26
67.     ;Доходный дом;Приморский край, г. Владивосток, ул. Алеутская, 26
68.     ;Доходный дом;Приморский край, г. Владивосток, ул. Алеутская, 31
69.     ;Здание «Главсевморпути» - центра арктических операций в 30-х годах, штаба по спасению челюскинцев;Приморский край, г. Владивосток, ул. Алеутская, 38 (ул. Фонтанная, 22)
70.     ;Доходный дом;Приморский край, г. Владивосток, ул. Алеутская, 39, строение 1
71.     ;"Гостиница  ""Ницца""";Приморский край, г. Владивосток, ул. Алеутская, 44
72.     ;Дом исследователя края, педагога и общественного деятеля В.П. Маргаритова;Приморский край, г. Владивосток, ул. Алеутская, 43
73.     ;Доходный дом;Приморский край, г. Владивосток, ул. Алеутская, 53 
74.     ;Владивостокская городская больница  кардиологический корпус;Приморский край, г. Владивосток, ул. Алеутская, 57, корп. 1
75.     ;Владивостокская городская больница;Приморский край, г. Владивосток, ул. Прапорщика Комарова, д. 1В
76.     ;Ансамбль застройки улицы Арсеньева ;Приморский край, г. Владивосток, ул. 1-я Морская, пер. Красноармейский, ул. Бестужева
;(7 строений);
;АНСАМБЛЬ;
77.     ;Дом жилой;Приморский край, г. Владивосток, ул. Арсеньева, д.4, стр. А
78.     ;Дом жилой;Приморский край, г. Владивосток, ул. Арсеньева, 4а, (стр. Б)
79.     ;Дом жилой. Здесь в 1927-1930 гг. жил исследователь Дальнего Востока Арсеньев Владимир Клавдиевич;Приморский край, г. Владивосток, ул. Арсеньева, 7
80.     ;Дом жилой;Приморский край, г. Владивосток, Арсеньева ул., 8
81.     ;Дом жилой;Приморский край ,г. Владивосток, ул. Арсеньева ,15,стр.Б
82.     ;Дом жилой;Приморский край ,г. Владивосток, ул. Арсеньева,15,стр.В
83.     ;Дом жилой;Приморский край, г. Владивосток, ул. Арсеньева, 17, стр. А
84.     ;Дом жилой М. К.Федорова, первого городского головы», 1881–1885 гг;Приморский край, г. Владивосток, Красноармейский пер., 18
85.     ;Особняк коменданта Владивостокской крепости;Приморский край, г. Владивосток, ул. Бестужева, 37
86.     ;Памятник рабочим и служащим завода «Металлист», отдавшим жизнь в боях за Родину в 1941-1945 гг;Приморский край, г. Владивосток, в районе ул. Арсеньева, д. 2
87.     ;Жилой дом военного ведомства;Приморский край, г. Владивосток, ул. Бестужева, 28
88.     ;"Покровское кладбище: захоронение; фундамент храма Покрова Пресвятой Богородицы; территория зеленых насаждений";Приморский край, г. Владивосток, в границах: Океанский проспект, ул. Московская, Партизанский проспект, ул. Октябрьская
;АНСАМБЛЬ;
89.     ;Административное здание железнодорожного ведомства;Приморский край, г. Владивосток, ул. Верхнепортовая, 1
90.     ;Здание офицерского собрания бывшей Владивостокской крепости, в котором в 1900 г. работал выдающийся русский военный инженер К.И.Величко – создатель Владивостокской крепости;Приморский край, г. Владивосток, ул. Верхнепортовая, 2б
91.     ;Административное здание железнодорожного ведомства;Приморский край, г. Владивосток, ул. Верхнепортовая, 3
92.     ;Общинный дом армяно-григорианской общины;Приморский край, г. Владивосток, ул. Володарского, 13
93.     ;Лестница гранитная;г. Владивосток, Володарского ул., у дома № 19
94.     ;Здание бывшего католического костёла;Приморский край, г. Владивосток, ул. Володарского, 22
95.     ;Дом Лукьянова;Приморский край, г. Владивосток, ул. Всеволода Сибирцева, 4
96.     ;Дом Попугаева;Приморский край, г. Владивосток, ул. Всеволода Сибирцева, 9
97.     ;Дом Ющенкова;Приморский край, г. Владивосток, ул. Всеволода Сибирцева, 12
98.     ;Общежитие студентов Восточного института;Приморский край, г. Владивосток, ул. Всеволода Сибирцева, 15, строение 1
99.     ;Жилой дом;Приморский край, г. Владивосток, ул. Всеволода Сибирцева, 15, стр. 4
100.  ;Жилой дом;Приморский край, г. Владивосток, ул. Всеволода Сибирцева, 35
101.  ;"Дом, в котором в 1918-1922 гг. размещалась нелегальная типография Далькрайкома РКП(б) и печаталась газета ""Красное знамя""";Приморский край, г. Владивосток, ул. Всеволода Сибирцева, 67
102.  ;Дом, в котором в декабре 1919 г. нелегально проживал С. Лазо;Приморский край, г. Владивосток, ул. Всеволода Сибирцева, 91
107.  ;"Памятный знак ""Конец Транссибирской магистрали""";Приморский край, г. Владивосток, ж/д ст. Владивосток, перрон
108.  ;Жилой дом военного ведомства;Приморский край, г. Владивосток, ул. Луцкого, 8
109.  ;Жилой дом военного ведомства;Приморский край, г. Владивосток, ул Луцкого, 12
110.  ;Никольская часовня;Приморский край, г. Владивосток, ул. Ивановская, 3б
111.  ;Монумент в честь 100-летия Морского госпиталя - старейшего лечебного учреждения Владивостока;Приморский край, г. Владивосток, ул. Ивановская, терр. госпиталя
112.  ;Памятник Герою Советского Союза М.Н.Цукановой;Приморский край, г. Владивосток, ул. Ивановская, у въезда на терр.госпиталя КТОФ
113.  ;Ансамбль застройки главного госпиталя Сибирской флотилии 1895-1908;Приморский край, г. Владивосток, ул Ивановская, 4, корп. 1-10
;АНСАМБЛЬ;
114.  ;"Достопримечательное место ""Экипажная слобода»";Приморский край, г. Владивосток, южный склон горы Буссе между её южным и юго-восточным отрогами, между улицами Светланской, Всеволода Сибирцева, Шилкинской
140.  ;"Памятный знак на месте, где в 1907 г. выбросился на берег революционный корабль ""Скорый""";Приморский край, г. Владивосток, ул. Корабельная Набережная
141.  ;"Мемориальный корабль - музей ""Красный вымпел""";Приморский край, г. Владивосток, Корабельная наб., причал N 34
142.  ;"Мемориальный комплекс ""Боевая слава Краснознаменного Тихоокеанского флота""";Приморский край, г. Владивосток, ул. Петра Великого, в районе д. 4
143.  ;Мемориальный корабль - подводная лодка С-56;Приморский край, г. Владивосток, Корабельная набережная, 36-й причал
144.  ;"Здание спортивного клуба ""Сокол"" - старейшее спортивное сооружение Владивостока";Приморский край, г. Владивосток, ул. Корабельная наб., д. 21
145.  ;"Памятный знак на месте высадки основателей поста Владивосток с корабля ""Манчжур""";Приморский край, г. Владивосток, ул. Береговая, в районе д. 3
146.  ;"Здание частной типографии ""Экспресс""";Приморский край, г. Владивосток, переулок Краснознаменный, 3
147.  ;Здание российского транспортного страхового общества;Приморский край, г. Владивосток, переулок Краснознаменный, 5
148.  ;Доходный дом;Приморский край, г. Владивосток, переулок Краснознаменный, 10
149.  ;Дом Телецкого;Приморский край, г. Владивосток, переулок Краснознаменный, 12
150.  ;Дом Телецкого;Приморский край, г. Владивосток, ул. Семеновская, д. 29
151.  ;Здание, в котором размещалось Владивостокское городское училище - старейшее учебное заведение Владивостока;Приморский край, г. Владивосток, ул. Лазо, 4
152.  ;Жилой дом;Приморский край, г. Владивосток, ул. Лазо, 6-Б
153.  ;Дом, в котором в 1921 г. размещалась подпольная типография и конспиративная явка Владивостокской организации РКП(б);Приморский край, г. Владивосток, ул. Лазо, 20
154.  ;Дом, в котором находилась конспиративная квартира председателя Облревкома   В.Шишкина в 1921 г;Приморский край, г. Владивосток, ул. Лазо, 16
155.  ;Склад-холодильник «Унион»;Приморский край, г. Владивосток, Ланинский пер., 4
156.  ;Памятник адмиралу С.О.Макарову;Приморский край, г.Владивосток,в районе  ул.Набережная,20
157.  ;Дом жилой;Приморский край, г. Владивосток, ул. Луговая, 21
158.  ;Здание, в котором в 1921-1924 гг. размещался Владивостокский (ныне - Дальневосточный) политехнический институт;Приморский край, г. Владивосток, ул. Луговая, 33
159.  ;Канцелярия 2-го округа Приамурского Акцизного Управления;Приморский край, г. Владивосток, ул. Мордовцева, 5
160.  ;Доходный дом;Приморский край, г. Владивосток, ул. Мордовцева, д.8
161.  ;"Кинотеатр ""Океан""";Приморский край, г. Владивосток, ул. Набережная, 3
162.  ;Дом Суворова;Приморский край, г. Владивосток, ул. Набережная, 12
163.  ;Памятник (бюст) Героя Советского Союза Елизаветы Чайкиной, 1969 г;Приморский край, г. Владивосток, ул. Набережная, в районе д. 1
164.  ;Здание Морвокзала Владивостокского торгового порта, постройки 1964 г., архитектор М. Бронников;Приморский край, г. Владивосток, ул. Нижнепортовая, 1
165.  ;Дом жилой;Приморский край, г. Владивосток, ул. Новоивановская, 3
166.  ;Дом жилой;Приморский край, г. Владивосток, Океанский пр., 8, стр.А
167.  ;Дом жилой;Приморский край, г. Владивосток, ул. Адмирала Фокина, 22
168.  ;Жилой дом;Приморский край, г. Владивосток, Океанский пр., 12
169.  ;Дом доходный;Приморский край, г. Владивосток, Океанский пр., 13а, стр. Б
170.  ;Здание Черепановской школы;Приморский край, г. Владивосток, Океанский пр., 18, лит.А
171.  ;"Здание гостиницы ""Красный Владивосток""";Приморский край, г. Владивосток, Океанский пр., 19, лит.А
172.  ;Здания Владивостокского телеграфа;Океанский пр.,24, лит.А
173.  ;"Здание гостиницы ""Сибирское подворье"", связанное с пребыванием во Владивостоке известных ученых: профессора П. В. Виттенбурга, академика В. Л. Комарова, певицы А. Вяльцевой";Приморский край, г. Владивосток, Океанский пр-кт, 26
174.  ;Жилой дом;Приморский край, г. Владивосток, Океанский пр., 28/54
175.  ;Детская больница;Приморский край, Владивостокский городской округ, г. Владивосток, Океанский проспект, 35
176.  ;Педагогический техникум;Приморский край, г. Владивосток, Океанский пр-кт, 37
177.  ;Дом, в котором в 1919-1925 гг. жил известный исследователь края Арсеньев В.К;Приморский край, г. Владивосток, ул. Петра Великого, 2 лит. А
178.  ;Здание Общества изучения Амурского края – старейшего научного учреждения Приморья;Приморский край, г. Владивосток, ул. Петра Великого, 4
179.  ;Здание музея Общества изучения Амурского края – старейшего музея Дальнего Востока;Петра Великого ул., 6
180.  ;"Здание Нового театра (к-р ""Приморье"")";Приморский край, г. Владивосток, ул. Петра Великого, 8
181.  ;Памятный знак в честь гидрографов-исследователей дальневосточных морей;Приморский край, г. Владивосток, Первого Мая, у дома № 4
182.  ;Памятник рабочим производственного объединения «Эра», погибшим на фронтах Великой Отечественной войны;Приморский край, г. Владивосток, ул. Пионерская, территория предприятия
183.  ;Дом А.Д.Старцева;Приморский край, г. Владивосток, ул. Пограничная, 2
184.  ;Ансамбль жилых домов;Приморский край, г. Владивосток, ул. Махалина, д. 14, стр. 1, 2, 3
;АНСАМБЛЬ;
185.  ;Дом К.Ф. Ильницкого;г. Владивосток, Пограничная ул, 10
186.  ;Дом доходный;Приморрский край, г. Владивосток, ул. Пограничная, 12 а
187.  ;Доходный дом Сигитаро-Такунаго;Приморский край, г. Владивосток, ул. Пограничная, 12 (ул. Семеновская, 3) стр. Д
188.  ;Доходный дом Сигитаро-Такунаго;Приморский край, г. Владивосток, Семёновская ул., 3а
189.  ;Дом доходный Ван-тын-сина;Приморский край, г. Владивосток, ул. Пограничная, 12 в
190.  ;Доходный дом Ван-тын-сина;Пограничная ул, 12 г
191.  ;Дом Ван-тын-сина;Приморский край, г. Владивосток, Пограничная ул, 12 (Семеновская ул., 3) стр. А, Б)
192.  ;Здание китайского театра;Приморский край, г. Владивосток, Пограничная ул, 12Б
193.  ;Памятный знак на месте захоронения  русской революционерки-народоволки Волкенштейн Л.А.;Приморский край, г. Владивосток, Покровский парк
194.  ;Жилой дом;Приморский край, г. Владивосток, ул. Пологая, 16
195.  ;Доходный дом;Приморский край, г. Владивосток, ул. Пологая, 17, стр. 1
196.  ;Жилой дом;Приморский край, г. Владивосток, ул. Пологая, 19
197.  ;Дом, в котором жил и работал известный общественный деятель края В.П. Маргаритов;Приморский край, г. Владивосток, ул. Пологая, 36
198.  ;Жилой дом;Приморский край, г. Владивосток, ул. Пологая, 46
199.  ;Здание духовной консистории Владивостокской епархии;Приморский край, г. Владивосток, ул. Пологая, 65
200.  ;Жилой особняк И.Лангелитье;Приморский край, г. Владивосток, ул. Пологая, 67 
201.  ;Жилой дом;Приморский край, г. Владивосток, ул. Пологая, 69
202.  ;Жилой дом;Приморский край, г. Владивосток, ул. Посьетская, 21
203.  ;Жилой дом;Приморский край, г. Владивосток, ул. Посьетская, 43
204.  ;Жилой дом почтового ведомства;Приморский край, г. Владивосток, пер. Почтовый, д. 5
205.  ;Жилой дом почтового ведомства;Приморский край, г. Владивосток, Почтовый пер., 5б
206.  ;Доходный дом;Приморский край, г. Владивосток, Почтовый пер., 7
207.  ;Жилой дом почтового ведомства;Приморский край, г. Владивосток, Почтовый пер., 7А
208.  ;Синагога;Приморский край, г. Владивосток, ул. Прапорщика Комарова, д. 5
209.  ;Жилой дом;Приморский край, г. Владивосток, ул. Прапорщика Комарова ул., 7, стр.2
210.  ;Жилой дом;Приморский край, г. Владивосток, ул. Прапорщика Комарова, 9, стр. 1
211.  ;Жилой дом;Приморский край, г. Владивосток, ул. Прапорщика Комарова, 9, стр. 3
212.  ;Жилой дом;Приморский край, г. Владивосток, ул. Прапорщика Комарова, 13
213.  ;Жилой дом;Приморский край, г. Владивосток, ул. Прапорщика Комарова, 15, стр. А
214.  ;Жилой дом;Приморский край, г. Владивосток, ул. Прапорщика Комарова, д. 19/2
215.  ;Дом, в котором в 1910 - 1913 гг. жил известный советский писатель А.А. Фадеев;Приморский край, г. Владивосток, ул. Прапорщика Комарова, 21
216.  ;Дом, в котором в 1884-1889 гг. жил известный исследователь края, основатель Общества изучения Амурского края Ф.Ф. Буссе;Приморский край, г. Владивосток, ул. Прапорщика Комарова, 23а
217.  ;Многоквартирный жилой дом - памятник творчества известного дальневосточного архитектора А. И. Порецкого (ныне - художественное училище);Приморский край, г. Владивосток, ул. Пушкинская, 2 (ул. Светланская, 65а)
218.  ;Дом известного общественного деятеля Владивостока Н.В. Соллогуба, в котором в 1884 г. начала издаваться газета Владивосток- первая газета края;Приморский край, г. Владивосток, ул. Пушкинская, 7
219.  ;Жилой дом;Приморский край, г. Владивосток, ул. Пушкинская, 8
220.  ;Жилой дом;Приморский край, г. Владивосток, ул. Пушкинская, 8-А
221.  ;Жилой дом;Приморский край, г. Владивосток, ул. Пушкинская, 8б
222.  ;Здание бывшей лютеранской церкви святого Павла (ныне - Исторический музей ТОФ);г. Владивосток, Пушкинская ул., 14
223.  ;Жилой дом;Приморский край, г. Владивосток, ул. Пушкинская, 15, стр. 1
224.  ;Жилой дом;Приморский край, г. Владивосток, ул. Пушкинская, 15, стр. 2 (Б)
225.  ;Жилой дом;Приморский край, г. Владивосток, ул. пушкинская, 15, стр. 3 (А)
226.  ;Жилой дом;Приморский край, г. Владивосток, ул. Пушкинская, 16
227.  ;Жилой дом;Приморский край, г. Владивосток, ул. Пушкинская, 17
228.  ;Здание бывшего Китайского консульства;Приморский край, г. Владивосток, ул. Пушкинская, 19
229.  ;Жилой дом;Приморский край, г. Владивосток, ул. Пушкинская, 20
230.  ;Жилой дом;Приморский край, г. Владивосток, ул. Пушкинская, 22
231.  ;Здание казначейства;Приморский край, г. Владивосток, ул. Пушкинская, 23
232.  ;Дом, в котором в 1918-1920 гг. жил известный советский поэт Н. Асеев;Приморский край, г. Владивосток, Пушкинская ул., 25
233.  ;Жилой дом;Приморский край, г. Владивосток, ул. Пушкинская, 25 е
234.  ;Жилой дом;Приморский край, г. Владивосток, Пушкинская ул., 25 в
235.  ;Жилой дом - памятник советской архитектуры 40-х годов, памятник творчества архитектора А.И. Порецкова;Приморский край, г. Владивосток, ул. Пушкинская, 25а
236.  ;Здание бывшего Собрания приказчиков, в котором в 1906 г. нелегально работал первый социал-демократический кружок под руководством Л.М. Карахана, впоследствии известного советского дипломата;Приморский край, г. Владивосток, ул. Пушкинская, 27
237.  ;Дом Синкевича.;Приморский край, г. Владивосток, ул. Пушкинская, 33 (стр. 1,2,3,4) 
;АНСАМБЛЬ;
238.  ;Жилой дом;Приморский край, г. Владивосток, ул. Пушкинская, д. 35
239.  ;"""Ансамбль деловых и жилых домов братьев Синкевича и Фихмана """;Приморский край, ул. Пушкинская, 33 и 35
;АНСАМБЛЬ;
240.  ;Дом, в котором жил и работал известный общественный деятель края Соловьев Н.М;Приморский край, г. Владивосток, ул. Пушкинская, 37
241.  ;Здание Министерской женской гимназии (ныне - средняя школа № 9);Приморский край, г. Владивосток, ул. Пушкинская, 39
242.  ;Здание Инженерного управления Владивостокской крепости, в котором в 1912-1915 гг. работал известный русский военный инженер А.П. Шошин;Приморский край, г. Владивосток, ул. Пушкинская, 41
243.  ;Памятник  герою-комсомольцу Виталию Баневуру;Приморский край, г. Владивосток, в районе ул. Пушкинская, 63
244.  ;Жилой дом;Приморский край, г. Владивосток, ул. Пушкинская, 69
245.  ;Жилой дом;Приморский край, г. Владивосток, ул. Пушкинская, 71
246.  ;Жилой дом;Приморский край, г. Владивосток, ул. Пушкинская, 73
247.  ;Жилой дом;Приморский край, г. Владивосток, ул. Пушкинская, 97
248.  ;Жилой дом;Приморский край, г. Владивосток, ул. Пушкинская, 99
249.  ;Памятник (Бюст) А.С. Пушкину;Приморский край, г. Владивосток, в районе ул. Пушкинская, бульвар
250.  ;Памятник политехникам, погибшим в годы Великой Отечественной войны;Приморский край, г. Владивосток, район ул. Пушкинская, д. 31
251.  ;Жилой дом;Приморский край, г. Владивосток, ул. Пушкинская, д. 101
252.  ;Жилой дом;Приморский край, г. Владивосток, ул. Пушкинская, 105
253.  ;Жилой дом;Приморский край, г. Владивосток, ул. Пушкинская, д. 111
254.  ;Жилой дом;Приморский край, г. Владивосток, ул. Пушкинская, 115
255.  ;Здание китайского театра;Приморский край, г. Владивосток, ул. Семеновская, 5
256.  ;Жилой дом;Приморский край, г. Владивосток, ул. Семеновская, 5А
257.  ;Жилой дом;Приморский край, г. Владивосток, ул. Семеновская, 5Б
258.  ;Жилой дом;Приморский край, г. Владивосток, Семеновская ул., 7В
259.  ;Баня Аморандоса;Приморский край, г. Владивосток, ул. Семеновская, 7А
260.  ;"Здание редакции газета ""Владиво-Ниппо""";Приморский край, г. Владивосток, ул. Семеновская ул., 7 б
261.  ;Здание китайского театра;Приморский край, г. Владивосток, Семеновская ул., 6
262.  ;Дом Т.И. Иванова;Приморский край, г. Владивосток, ул. Семеновская, 10
263.  ;Жилой дом (музей погранвойск);Приморский край, г. Владивосток, ул. Семеновская, 17/19
264.  ;Жилой дом военного ведомства;Приморский край, г. Владивосток, ул. Семеновская, 18
265.  ;Жилой дом;Приморский край, г. Владивосток, ул. Семёновская, д. 21
266.  ;Жилой дом;Приморский край, г. Владивосток, ул. Семеновская, 22
267.  ;Памятный знак на месте первого гражданского дома Владивостока, принадлежавшего Семенову Я.Л;Приморский край, г. Владивосток, в районе  ул. Светланская, 44
268.  ;"Здание театра и гостиницы ""Тихий океан""";Приморский край, г. Владивосток, ул. Светланская, 1
269.  ;Дом доходный Коркина;Приморский край, г. Владивосток, ул. Светланская, д.4
270.  ;Дом доходный Медведева;Приморский край,  Владивостокский городской округ, ул. Светланская, 5
271.  ;Доходный дом Жуклевича;Приморский край, Владивостокский городской округ, Светланская ул., 5 Б
272.  ;Номера “Россия” (Дом Колесниковых);Приморский край, г. Владивосток, ул. Светланская, 6
273.  ;«Дом Колесниковых», начало XX в;Приморский край, г. Владивосток, ул. Светланская, 6, стр. Б
274.  ;"""Чайный дом"" и склад мануфактуры Жуклевича, 1901 г";Приморский край, г. Владивосток, Светланская ул., 7
275.  ;"Дом Золотухина (гостиница ""Европа"")";Приморский край, г. Владивосток, ул. Светланская, 8
276.  ;Дом жилой;Приморский край, г. Владивосток, Светланская ул., 9а
277.  ;"Гостиница ""Централь""";Приморский край, г. Владивосток, Светланская ул., д.11
278.  ;25:28:020024:78 Золотосплавная лаборатория Русско-Азиатского банка;Приморский край, г. Владивосток, ул. Светланская, 12
279.  ;Здание Центросоюза – центр профсоюзного движения и нелегальной деятельности Владивостокской организации РКП/б/ в годы гражданской войны;Приморский край, г. Владивосток, ул. Светланская, 14 (ул. Посьетская, 48)
280.  ;Дом Багинова;Приморский край, г. Владивосток, ул. Светланская, 16
281.  ;Доходный дом Берковича;Приморский край, г. Владивостокский городской округ, ул. Светланская, 18, лит. А
282.  ;Доходный дом Берковича;Приморский край, г. Владивосток, ул. Светланская, 18 стр 2
283.  ;Банк Сибирский (дом В.П.Бабинцева);Приморский край, г. Владивосток, ул. Светланская, 20
284.  ;Театр Юного Зрителя им. Ленинского комсомола – один из первых детских театров на Дальнем Востоке;Приморский край, г. Владивосток, Светланская ул., 15а
285.  ;Дом доходный;Приморский край, ул. Светланская, 15
286.  ;Доходный дом Катчана;Приморский край, г. Владивосток, Светланская ул., 17
287.  ;25:28:020022:65 Доходный дом Тау-Цзе-линь;Приморский край, г. Владивосток, ул. Светланская, д. 23 (лит.2)
288.  ;Доходный дом Тау-Цзе-линь;Приморский край, г. Владивосток, ул. Светланская, 23, строение 1
289.  ;Здание Дальневосточного технического института рыбной промышленности и хозяйства;Приморский край, г. Владивосток, ул. Светланская, 27
290.  ;Дом Иогана Лангелитье;Приморский край, г. Владивосток, ул. Светланская, д. 29, лит. А
291.  ;Дом товарищества Кунст и Альберс;Приморский край, г. Владивосток, ул. Светланская, 31, строение 1
292.  ;"Здание кинотеатра ""Уссури"" - памятник советской архитектуры 20-х годов";Светланская ул., 31, стр.2
293.  ;Дом товарищества Кунст и Альберс;Приморский край, г. Владивостокский городской округ, Светланская ул., 31-В
294.  ;Дом товарищества Кунст и Альберс;Приморский край, г. Владивосток, ул. Светланская, 31, стр. 4
295.  ;Дом товарищества Кунст и Альберс;Приморский край, г. Владивосток, ул. Светланская, 33
296.  ;"Здание универсального магазина ""Торгового дома Кунста и Альберса""-ГУМ";Приморский край, г. Владивосток, ул. Светланская, 35
297.  ;Доходный дом Даттана;Приморский край, г. Владивосток, ул. Светланская, 37
298.  ;Ансамбль жилых домов - памятник деревянного зодчества;Приморский край, г. Владивосток, ул. Светланская, 39 ( строения 1,2,3)
;АНСАМБЛЬ;
299.  ;Жилой дом;Приморский край, г. Владивосток, ул. Светланская, 39
300.  ;Жилой дом;Приморский край, г. Владивосток, Светланская ул., 39а
301.  ;Жилой дом;Приморский край, г. Владивосток, ул. Светланская, 39 б
302.  ;Жилой дом;Приморский край, г.Владивосток, ул.Светланская, 39 в
303.  ;"Административное здание ""Торгового дома Кунст и Альберс""";Приморский край, г. Владивосток, ул. Светланская, 40
304.  ;Здание Владивостокской почтово-телеграфной конторы (почтамт);Приморский край, г. Владивосток, ул. Светланская, 41
305.  ;Здание клуба работников связи - старейший центр профдвижения во Владивостоке;Приморский край, г. Владивосток, ул. Светланская, 41А
306.  ;«Доходный дом Пьянкова (Книготорг)»;Приморский край, г. Владивосток, ул. Светланская, 43
307.  ;Доходный дом Шевелева;Приморский край, г. Владивосток, ул. Светланская, 44
308.  ;"Здание ""Нового магазина Т.Д. Чурин и Касьянов"" (филиал ГУМА, гастроном № 4";Приморский край, г. Владивосток, ул. Светланская, 45
309.  ;Дом первого жителя г. Владивостока  Семенова Я.Л;Приморский край, г. Владивосток, ул. Светланская, 46
310.  ;Здание Приморского крайкома КРСС - памятник советской архитектуры 30-х год;Приморский край, г. Владивосток, ул. Светланская, 47
311.  ;Здание Дальневосточного филиала Академии наук СССР - первого периферийного филиала Академии, организованного известным советским ученым академиком В.Л. Комаровым в 1932 г;Приморский край, г. Владивосток, ул. Светланская, 50
312.  ;Доходный дом;Приморский край, г. Владивосток, ул. Светланская, д. 51
313.  ;Здание кондитерской Кокина;Приморский край, г. Владивосток, ул. Светланская, 53, стр. 2
314.  ;Доходный дом Бюргина;Приморский край, г. Владивосток, ул. Светланская, 53, стр. 3
315.  ;Здание бывшего городского комитета КПСС;Приморский край, г. Владивостокский городской округ, ул. Светланская, 54
316.  ;Дом Штейнбаха;Приморский край, г. Владивосток, ул. Светланская, 55
317.  ;Дом жилой;Приморский край, г. Владивосток, ул. Светланская, 55б
318.  ;Здание бывшей городской управы 1890-1891 гг;Приморский край, г. Владивосток, ул. Светланская, 57, стр. 1
319.  ;Дом Вальдена;Приморский край, г. Владивосток, ул. Светланская, 61, стр. 1
320.  ;Дом жилой;Приморский край, г. Владивосток, ул. Светланская, 61, стр. 2
321.  ;Многоквартирный жилой дом - памятник советской архитектуры 30-х годов, памятник творчества архитектора А.А. Заседателева, первого советского архитектора во Владивостоке;Приморский край, г. Владивосток, ул. Светланская, 63
322.  ;Церковно-приходская школа;Приморский край, г. Владивосток, ул. Светланская, 65
323.  ;Штаб Тихоокеанского пограничного округа;Приморский край, г. Владивосток, ул. Светланская, 67
324.  ;Здание Морского собрания, в котором в 1895 - 1896 гг. выступал с докладами известный флотоводец и ученый С.О. Макаров;Приморский край, г. Владивостокский городской округ, ул. Светланская, 68
325.  ;Дом, в котором жил известный общественный деятель края А.Д. Старцев;Приморский край, г. Владивосток, ул. Светланская, 69
326.  ;Здание Приморской краевой конторы Госбанка – место героической обороны дивизиона Народной охраны 25 мая 1921 г;Приморский край, г. Владивосток, ул. Светланская, 71
327.  ;Здание бывшего Управления Владивостокского военного порта и Сибирской флотилии;Приморский край, г. Владивосток, ул. Светланская, 72-в (Ленинская 72)
328.  ;Дом в котором жил профессор Позднеев С.П., известный русский филолог, первый ректор Восточного института;Приморский край, г. Владивосток, ул. Светланская, 73 а
329.  ;Ансамбль жилых домов Сибирского флотского экипажа (Офицерские флигеля);Приморский край, г. Владивосток, ул. Светланская, 66,74, 76, 78,80,80а
;АНСАМБЛЬ;
330.  ;Жилой дом;Приморский край, г. Владивостокский городской округ, ул. Светланская, 66
331.  ;Дом жилой. Здесь жил географ контр-адмирал Л.А. Дёмин;Приморский край, г. Владивосток, ул. Светланская, 76
332.  ;Дом жилой;Приморский край, г. Владивосток, ул. Светланская, 78
333.  ;Дом жилой;Приморский край, г. Владивостокский городской округ, ул. Светланская, 80
334.  ;Дом командира портов Восточного океана;Приморский край, г. Владивостокский городской округ, ул. Светланская, 80-А
335.  ;Жилой дом лейтенантского состава Тихоокеанского флота;Приморский край, г. Владивосток, ул. Светланская, 85
336.  ;Здание отделения торгового дома Кунст и Альберс в Офицерской слободе;Приморский край, г. Владивосток, ул. Светланская, 104
337.  ;Жилой дом;Приморский край, г. Владивосток, ул. Светланская, 108
338.  ;Жилой дом;Приморский край, г. Владивостокский городской округ, ул. Светланская, 109
339.  ;Дом доходный Филлипченко А. Б;Приморский край, г. Владивосток, ул. Светланская, 111
340.  ;Доходный дом;Приморский край, г. Владивосток, ул. Светланская, 113
341.  ;Доходный дом Чирва;Приморский край, г. Владивосток, ул. Светланская, 114
342.  ;Здание библиотеки им. Гоголя (ныне – им. М. Горького) – первой на Дальнем Востоке публичной библиотеки;Приморский край, г. Владивостокский городской округ, ул. Светланская, 119
343.  ;Жилой дом;Приморский край, г. Владивосток, ул. Светланская, 127
344.  ;Жилой дом;Приморский край, г. Владивосток, ул. Светланская, 131, стр.2
345.  ;Жилой дом;Приморский край, г. Владивосток, ул. Светланская, 131
346.  ;Жилой дом;Приморский край, г. Владивосток, ул. Светланская, 177, стр.1
347.  ;Жилой дом;Приморский край, г. Владивосток, ул. Светланская, 177а
348.  ;Дом Польского;Приморский край, г. Владивосток, ул. Светланская, 179
349.  ;Дом жилой. Здесь жил известный исследователь Дальнего Востока Гек Фридольф Кириллович;Приморский край, г. Владивостокский городской округ, ул. Светланская, 161а
350.  ;Дом, в котором жил известный исследователь Дальнего Востока Фридольф Кириллович Гек;Приморский край, г. Владивосток, ул. Светланская, 161
351.  ;Доходный дом;Приморский край, г. Владивосток, ул. Светланская, 181
352.  ;Многоквартирный жилой дом;Приморский край, г. Владивосток, ул. Светланская, 205
353.  ;Жилой дом;Приморский край, г. Владивосток, ул. Светланская, 209
354.  ;Памятник летчикам - жертвам американской агрессии 1953 года;Приморский край, г. Владивосток, в районе ул. Светланская, 119б
355.  ;"Памятник экипажу шхуны ""Крейсерок"", трагически погибшему в 1890 г. при защите котиковых промыслов Сахалина от американских браконьеров";Приморский край, г. Владивосток, Светланская ул., сквер Матросского клуба
356.  ;Братская могила жертв революции (332)  Братская могила Жертв Революции - место захоронения праха борцов первой русской революции и гражданской войны 1918 - 1922 гг. (125);Приморский край, г. Владивосток, Светланская ул., сквер им. Невельского
357.  ;"Входная колоннада стадиона ""Авангард""- памятник творчества известного Приморского архитектора Н.С. Рябова";"Приморский край, г. Владивосток, ул. Светланская (Ленинская), стадион ""Авангард"""
358.  ;Памятник морякам торгового флота, погибшим в годы Великой  Отечественной войны;Приморский край, г. Владивосток, в районе ул. Светланская, 63
359.  ;Здание Совнархоза;Приморский край, г. Владивосток, ул. Суханова, 3
360.  ;Дом Поповой;Приморский край, г. Владивосток, ул. Суханова, 5
361.  ;Здание Владивостокского коммерческого училища, в котором в 1913-1919 годах учился А.А.Фадеев, советский писатель;Приморский край, г. Владивосток, ул. Суханова, 8
362.  ;Дом, в котором жил К. Суханов;Приморский край, г. Владивосток, ул. Суханова, 9
363.  ;Дом Беркович;Приморский край, г. Владивосток, ул. Суханова, 20
364.  ;Памятник Константину Суханову;Приморский край, г. Владивосток, в районе ул. Суханова, 6а
365.  ;Механический завод Владивостокского военного порта;Приморский край, город Владивосток, северное побережье бухты Золотой Рог
;;
;Достопримечательное место;
374.  ;Жилой дом;Приморский край, г. Владивосток, ул. Тигровая, 23а
375.  ;Жилой дом;Приморский край, г. Владивостокский городской округ, ул. Тигровая, 23
376.  ;Жилой дом;Приморский край, г. Владивостокский городской округ, ул. Тигровая, 25
377.  ;Жилой дом;Приморский край, г. Владивосток, Трудовой пер., 1а
378.  ;Водонапорная станция железнодорожной станции Владивосток. Служебный корпус;Приморский край, г. Владивосток, Трудовой пер., 13а
379.  ;Водонапорная станция железнодорожной станции Владивосток. Водонапорная башня;Приморский край, г. Владивосток, Ланинский пер., 3, (лит.1)
380.  ;Дом Даттана;Приморский край, г. Владивосток, ул. Уборевича, 6А
381.  ;Здание Алексеевской женской гимназии - ныне школа № I;Приморский край, Владивостокский городской округ, ул. Уборевича, 8
382.  ;Владивостокское городское полицейское управление;Приморский край, г. Владивосток, ул. Уборевича, 11 
;;(в РЕЕСТРЕ Уборевича, 9)
383.  ;Депо пожарное главное;Приморский край, г. Владивосток, ул. Уборевича, 9, стр. 2, 3
;АНСАМБЛЬ;
384.  ;Жилой дом;Приморский край, г. Владивосток, ул. Уборевича, д. 10/3
385.  ;Здание Владивостокского окружного суда, в котором в 1906-1907 гг. проходили судебные процессы над участниками первой русской революции во Владивостоке;Приморский край, г Владивосток ул. Уборевича, 13
386.  ;Здание Дальтелефильма, в котором в 1956 году начал работать первый на Дальнем Востоке телевизионный центр;Приморский край, г. Владивосток, ул. Уборевича, 20а
387.  ;Жилой дом;Приморский край, г. Владивосток, ул. Уборевича, 23
388.  ;Жилой дом;Приморский край, г. Владивосток, ул. Уборевича, 23-А
389.  ;Здание старейшей на Дальнем Востоке Пастеровской станции;Приморский край, г. Владивосток, Уборевича ул., 36
390.  ;Жилой дом;Приморский край, г. Владивосток, ул. Уборевича, 38
391.  ;Могила генерал-губернатора Восточной Сибири графа Н.Н. Муравьева-Амурского;Приморский край , г. Владивосток, рядом с одноименной могилой, расположенной в сквере Муравьева-Амурского на пересечении ул. Суханова, ул. Лазо и Театрального проезда
392.  ;Жилой дом;Приморский край, г. Владивосток, ул. Уткинская, 14
393.  ;Дом, в котором жила в 1913–1917 гг. семья известных дальневосточных педагогов и общественных деятелей М.В. и М.Я.Сибирцевых, чьи сыновья Всеволод и Игорь погибли в борьбе за власть Советов;Приморский край, г Владивосток, ул. Уткинская, д 40
394.  ;Жилой дом - памятник деревянного зодчества;Приморский край, г. Владивосток, Фонтанная ул., 21
395.  ;Дом Чистякова;Приморский край, г. Владивосток, Фонтанная ул., 28
396.  ;Жилой дом;Приморский край, г. Владивостокский городской округ, Фонтанная ул., 26
397.  ;Школа;Приморский край, г. Владивосток, ул. Фонтанная, 36/38
398.  ;Жилой дом;Приморский край, г. Владивосток, ул. Фонтанная, 42
399.  ;Жилой дом;Приморский край, г. Владивосток, ул. Уборевича, 17 (ул. Фонтанная, 44)
400.  ;Жилой дом;Приморский край, г. Владивосток, ул. Фонтанная, 47
401.  ;Дом городского головы И.И. Маковского, в котором в октябре 1890 г. бывал А.П. Чехов;Приморский край, г. Владивостокский городской округ, Дзержинского, 49 (Фонтанная, 49)
402.  ;Жилой дом;Приморский край, г. Владивостокский городской округ, ул. Фонтанная, 51 лит. А
403.  ;Жилой дом;Приморский край, г. Владивостокский городской округ, Фонтанная ул., 61
404.  ;Безымянная батарея;Приморский край, г. Владивосток, ул. Батарейная, 4а
405.  ;Тигровая батарея с пушкой полуденного сигнала, где 30 августа 1889 г. был поднят флаг Владивостокской крепости;Приморский край, г. Владивосток, гора Тигровая (высота 79,2), вершина горы
406.  ;Здание железнодорожного вокзала;Приморский край, г. Владивосток, ул. Алеутская, 2
407.  ;Народный дом;Приморский край, г. Владивосток, ул. Володарского, 19
408.  ;Здание Восточного института;Приморский край, г. Владивосток, ул. Пушкинская, 10
409.  ;Дом, в котором работал штаб революционных партизанских отрядов Приморья под руководством Лазо Сергея Григорьевича в 1920 г;Приморский край, г. Владивосток, ул. Светланская, 10
;;
;;
410.  ;Здание, в котором в 1917-1918 гг. работал Исполком Владивостокского Совета рабочих и солдатских депутатов под руководством К. Суханова;Приморский край, г. Владивосток, ул. Светланская, 52
411.  ;Памятник Борцам за власть Советов на Дальнем Востоке;Приморский край, г. Владивосток, в районе ул. Светланская, 38-40
412.  ;Братская могила моряков Тихоокеанского флота, погибших в 1945 г. боях с японскими империалистами;Приморский край, город Владивосток, в районе улицы Светланская, 173
413.  ;Памятник исследователю Дальнего Востока Невельскому Геннадию Ивановичу;Приморский край, г. Владивосток, ул. Светланская в районе д. 67
414.  ;Памятник В.И. Ленину;Приморский край, г Владивосток, в районе ул. Посъетская, д. 24 (вокзальная площадь)
415.  ;Памятник Лазо Сергею Георгиевичу;Приморский край, г. Владивосток, в районе ул. Петра Великого, 49
416.  ;Многоэтажный жилой дом - памятник советской архитектуры 30-х годов;Приморский край, г. Владивостокский городской округ, ул. Алеутская, 17
417.  ;Административное здание Владивостокского коммерческого порта;Приморский край, г. Владивосток, ул. Нижнепортовая, 1 а
418.  ;Жилой дом;Приморский край, г. Владивосток, ул. Светланская, 53 стр. 1
419.  ;Доходный дом Унжакова;Приморский край, г. Владивосток, ул. Светланская, 59
421.  ;Здание морского вокзала;Приморский край, г. Владивосток, ул. Нижнепортовая, 3
422.  ;Банк Сибирский (дом В.П. Бабинцева), 1903–1906 гг.;Приморский край, г. Владивосток, ул. Алеутская, 21
423.  ;Архитектурный ансамбль застройки участка улицы Светланской (20 строений);Приморский край, г. Владивосток, ул. Светланская от ул. Набережной до ул. Алеутской
;АНСАМБЛЬ;
424.  ;Чертежный отдел Приморского переселенческого района;Приморский край, г. Владивосток, ул. Фонтанная, 24
425.  ;Жилой дом;Приморский край, г. Владивосток, ул. Светланская, 131, стр. 1
426.  ;Дом, в котором в 1884-1889 гг. жил известный исследователь края, основатель Общества изучения Амурского края Ф.Ф. Буссе;Приморский край, Владивостокский городской округ, ул. Прапорщика Комарова, 23 (лит.Б)
427.  ;Владивостокская городская больница;Приморский край, г. Владивосток, ул. Алеутская, д. 57, корпус 1,2,3,4
;АНСАМБЛЬ;
428.  ;Жилой дом;Приморский край, г. Владивосток, ул. Семеновская, 7
429.  ;Дом жилой;Приморский край, г. Владивосток, ул. Светланская, 74
430.  ;"Ансамбль ""доходных домов ""Л.Скидельского";Приморский край, г. Владивосток, пр-кт Океанский, 30
;АНСАМБЛЬ;
431.  ;Жилой дом Приморской епархии;Приморский край, г. Владивосток, ул. Всеволода Сибирцева, 16
432.  ;Жилой дом Приморской епархии;Приморский край, г. Владивосток, ул. Ключевая, 5
433.  ;Тоннель им. И.В. Сталина;Приморский край, г. Владивосток, между железнодорожными станциями «Луговая» и «3-я Рабочая»
434.  ;Депо вагонное городского трамвайного парка;Приморский край, г. Владивосток, ул. Светланская, 223
435.  ;Геодезический знак;Приморский край, г. Владивосток, Алексеевская сопка (высота 82.,1), вершина
436.  ;Жилой дом;Приморский край, г. Владивосток, ул. Пушкинская, 25б
437.  ;"Склад ""Пекин""";Приморский край, г. Владивосток, ул. Адмирала Фокина, 26 
438.  ;Доходный дом Сигитаро-Такунаго;Приморский край, г. Владивосток
439.  ;Доходный дом Сигитаро-Такунаго;Приморский край, г. Владивосток, Семеновская, 3а
440.  ;Жилой дом;Приморский край, г. Владивосток, Пушкинская, 25, строение 4
441.  ;Владивостокская городская больница;Приморский край, г. Владивосток
442.  ;Владивостокская городская больница;Приморский край, г. Владивосток, ул. Алеутская, 57д
443.  ;Банк Сибирский (Дом В.П. Бабинцева);Приморский край, г. Владивосток, ул. Алеутская, 23
444.  ;Памятник морякам-катерникам I -ой Краснознаменной бригады ТОФ, погибшим в боях за Родину в 1941 - 1945 гг;Приморский край, г. Владивосток, ул. Светланская, сквер Матросского клуба
445.  ;Жилой дом;Приморский край, г. Владивосток, ул. Пушкинская, 17а
446.  ;Гостиница Доброфлота;Приморский край, г. Владивосток, ул. Верхнепортовая, 7
447.  ;Жилой дом;Приморский край, г. Владивосток, ул. Верхнепортовая, 20
448.  ;Здание переселенческой больницы;Приморский край, г. Владивосток, ул. Верхнепортовая, 27
449.  ;Жилой дом;Приморский край, г. Владивосток, ул. Верхнепортовая, 29
450.  ;Здание первой радиотелеграфной станции;Приморский край, г. Владивосток, ул. Верхнепортовая, 40
451.  ;Кинотеатр “Вымпел”;Приморский край, г. Владивосток, ул. Верхнепортовая, 72
452.  ;Казарма Владивостокского гарнизона;Приморский край, г. Владивосток, ул. Казанская, 9
453.  ;Жилой дом;Приморский край, г. Владивосток, ул. Крыгина, 5
454.  ;Здание военного ведомства;Приморский край, г. Владивосток, ул. Морозова, 2
455.  ;Здание военного ведомства;Приморский край, г. Владивосток, ул. Морозова, 5
456.  ;Здание военного ведомства;Приморский край, г. Владивосток, ул. Морозова, 8
457.  ;Здание военного ведомства;Приморский край, г. Владивосток, ул. Морозова, 7, стр. 1
458.  ;Здание военного ведомства;Приморский край, г. Владивосток, ул. Морозова, 10
459.  ;Братская могила младшего командира Миронова и бойцов Красной Армии, погибших в 1938 г. в боях у озера Хасан;Приморский край, г. Владивосток, в районе ул. Лукоморье, 4
460.  ;Шкотовский створ маяков (маяк, два створных знака);Приморский край, п-ов Шкота, ул. Транспортная
;АНСАМБЛЬ;
461.  ;Казарма 3–го артиллерийского полка Владивостокской крепости;Приморский край, г. Владивосток, ул. Розничная, 43
462.  ;Дом военного ведомства;Приморский край, г. Владивосток, ул. Саратовская, 4
463.  ;Жилой дом военного ведомства;Приморский край, г. Владивосток, ул. Станюковича, 53
464.  ;Иннокентьевская батарея (батарея № VIII);Приморский край, г. Владивосток, Станюковича ул., у дома № 41-а
465.  ;Токаревская мортирная батарея. (Южная полубатарея, Северная полубатарея) ;"Приморский край, г. Владивосток, ул. Американская, ул. Лукоморье, ул. Токаревская кошка, высота  94,3 между ними, вершина высоты; высота 90,6, вершина высоты, ул. Лукоморье, 1а"
466.  ;Батарея Токаревская нижняя;Приморский край, г. Владивосток, Токаревский маяк ул., высота 90,6, юго-западный склон высоты в 0,4 км от вершины в районе отметки 22,8
467.  ;Пороховой погреб П 4;Приморский край, г. Владивосток, в районе ул. Верхнепортовая, 68
468.  ;Каланча Эгершельдской пожарной команды, где формировался комсомольский батальон им. К.Либкнехта и был склад оружия;Приморский край, г. Владивосток, ул. Сипягина, 22 д
469.  ;Здание военного ведомства;Приморский край, г. Владивосток, ул. Крыгина, 19 строение 1
470.  ;Здание военного ведомства;Приморский край, г. Владивосток, ул. Крыгина, д. 19 строение 2
471.  ;Полукапонир береговой противодесантный №20;Приморский край, г. Владивосток, ул. Западная, 29, в 45 м западнее стр. «Лит. А2»
472.  ;Доходный дом Пьянкова;Приморский край, г. Владивосток, ул. Адмирала Фокина, 5, 5а, 5б
;АНСАМБЛЬ;
473.  ;Памятник рабочим Владивостокского;Приморский край,
;судоремонтного завода, погибшим на фронтах Великой Отечественной войны;г. Владивосток, ул. Нижнепортовая, д. 3 на земельном участке с кадастровым номером
;;25:28:020031:166
;;
474.  ;Городской дом;Приморский край, г. Владивосток, ул. Светланская, 38/40 (улица Светланская, дом 38)
