1,"Дом, где жил военный инженер А.П. Шошин","Приморский край, г. Владивосток, ул. Морская 1-я, 1"
2,"Здание, в котором в 20-х годах жил и работал известный деятель ВКП(б) и Советского государства Я.Б. Гамарник","Приморский край, г. Владивосток, ул. Морская 1-я, 2"
3,Жилой дом,"Приморский край, ул. Матросская 1-я, 14"
4,"Дом, в котором находился конспиративный центр Владивостокской организации РСДРП в 1908 году","Приморский край, г. Владивосток, ул. Матросская 4-я, 29"
5,Доходный дом Пьянкова,"Приморский край, г. Владивосток, ул. Адмирала Фокина, 1а"
6,Дом доходный Пьянкова,"Приморский край, г. Владивосток, ул. Пограничная, 6"
7,Доходный дом Пьянкова,"Приморский край, г. Владивосток, ул. Адмирала Фокина, 3а"
8,Доходный дом Пьянкова,"Приморский край, г. Владивосток, ул. Адмирала Фокина, 5б"
9,Доходный дом Пьянкова,"Приморский край, г. Владивосток, ул. Адмирала Фокина, 5а"
10,Доходный дом Пьянкова,"Приморский край, г. Владивосток, ул. Адмирала Фокина, 5"
11,Доходный дом П.П. Поповой,"Приморский край, г. Владивосток, ул. Адмирала Фокина, 4"
12,Доходный дом П.П. Поповой,"Приморский край, г. Владивосток, ул. Адмирала Фокина,4 а"
13,"Архитектурный ансамбль застройки участка улицы Адмирала Фокина (48 строений)
 АНСАМБЛЬ","Приморский край, г. Владивосток, ул. Адмирала Фокина от Океанского пр-та до ул. Пограничная"
14,Доходный дом Г.К. Купера,"Приморский край, г. Владивосток, ул. Адмирала Фокина, 6"
15,Доходный дом Г.К. Купера,"Приморский край, г. Владивосток, ул. Адмирала Фокина, 6а"
16,Дом доходный Г.К. Купера,"Приморский край, г. Владивосток, ул. Адмирала Фокина, 
 6 в"
17,Доходный дом Г.К. Купера,"Приморский край, г. Владивосток, ул. Адмирала Фокина, 6б"
18,Доходный дом Г.К. Купера,"Адмирала Фокина ул., 8"
19,Доходный дом Г.К. Купера,"Приморский край, г. Владивосток, ул. Адмирала Фокина, 8а"
20,Доходный дом Г.К. Купера,"Приморский край, г. Владивосток, ул. Адмирала Фокина, 8 Б"
21,Доходный дом А.К.Купера,"Приморский край, г. Владивосток, ул. Светланская, 9, лит.1"
22,Доходный дом А.Д. Золотухина,"Приморский край, г. Владивосток, ул. Адмирала Фокина, 7"
23,Доходный дом А.Д. Золотухина,"Приморский край, г. Владивосток, ул. Адмирала Фокина, 7а"
24,Дом Штабеля,"Приморский край, г. Владивосток, ул. Адмирала Фокина, 9, строение 2 (а)"
25,Дом Штабеля,"Приморский край, г. Владивосток, ул. Адмирала Фокина, 9 строение 3 (б)"
26,Дом Штабеля,"Приморский край, Владивостокский городской округ, г. Владивосток, ул. Адмирала Фокина, 9, строение 4 (в)"
27,Дом Штабеля,"Приморский край, г. Владивосток, ул. Адмирала Фокина, 9 г"
28,Дом Штабеля,"Приморский край, Владивостокский городской округ, г. Владивосток, ул. Адмирала Фокина, 9"
29,Доходный дом П.С. Цоя,"Приморский край, г. Владивосток, ул. Адмирала Фокина, 10 а"
30,Дом доходный П.С. Цоя,"Приморский край, г. Владивосток, ул. Алеутская, 27"
31,Дом доходный П.С. Цоя,"Приморский край, Владивостокский городской округ, г. Владивосток, ул. Адмирала Фокина, 10 г"
32,Дом доходный П.С. Цоя,"Приморский край, г. Владивосток, ул. Алеутская, 25"
33,Дом доходный П.С. Цоя,"Приморский край, г. Владивосток, ул. Адмирала Фокина, 10 б"
34,Дом доходный П.С. Цоя,"Приморский край, г. Владивосток, ул. Адмирала Фокина, 10 в"
35,Дом доходный П.С. Цоя,"Приморский край, г. Владивосток, ул. Адмирала Фокина, 10"
36,Дом Ху-Сын-хэ,"Приморский край, г. Владивосток, ул. Адмирала Фокина, 11, строение 1"
37,Дом Ху-Сын-хэ,"Приморский край, г. Владивосток, ул. Адмирала Фокина, 11 в"
38,Дом Ху-Сын-хэ,"Приморский край, г. Владивосток, ул. Адмирала Фокина, 11 а"
39,Дом Ху-Сын-хэ,"Приморский край, г. Владивосток, ул. Адмирала Фокина, 11 б (строение 4)"
40,"Клуб ""Лотос""","Приморский край, г. Владивосток, ул. Адмирала Фокина, 12, ул. Алеутская, 22"
41,Доходный дом,"Приморский край, г. Владивосток, ул. Адмирала Фокина, 14"
42,Дом доходный,"Приморский край, г. Владивосток, ул. Адмирала Фокина, 14, стр. А"
43,Доходный дом,"Приморский край, г. Владивосток, ул. Адмирала Фокина, 15"
44,Доходный дом,"Приморский край, г. Владивосток, ул. Алеутская, 24"
45,Дом доходный,"Приморский край, г. Владивосток, ул. Адмирала Фокина, 16, стр. 1"
46,Дом доходный,"Приморский край, г. Владивосток, ул. Адмирала Фокина, 17, строение А"
47,Дом доходный Купера А.К,"Приморский край, г. Владивосток, ул. Адмирала Фокина, 18 (Лит.А, Лит.А3, Лит.А4)"
48,Доходный дом,"Приморский край, г. Владивосток, ул. Адмирала Фокина, 19"
49,Консульство японское,"Приморский край, г. Владивосток, Океанский пр., 7"
50,Доходный дом,"Приморский край, г. Владивосток, Адмирала Фокина ул., 23, лит.1"
51,Доходный дом,"Приморский край, г. Владивосток, Адмирала Фокина ул., 23а"
52,Дом доходный Демби А.Г,"Приморский край, г. Владивосток, Океанский пр-т, 9, лит А"
53,Дом доходный Демби А.Г,"Приморский край, г. Владивосток, ул. Адмирала Фокина, 25"
54,Дом Даттана,"Приморский край, г. Владивосток, ул. Адмирала Фокина, 24"
55,Здание управления Уссурийской железной дороги,"Приморский край, г. Владивосток, ул. Алеутская, 6"
56,Жилой дом управления железной дороги,"Приморский край, г. Владивосток, ул. Алеутская, 10"
57,Жилой дом управления железной дороги,"Приморский край, г. Владивосток, ул. Алеутская, 8"
58,Здание Русско-Азиатского банка,"Приморский край, г. Владивосток, ул. Алеутская, 12"
59,"Дом, в котором в 1903-1905 гг. жила известная революционерка Л.А. Волкенштейн","Приморский край, г. Владивосток, ул. Алеутская, 13"
60,Дом Тагунова,"Приморский край, г. Владивосток, ул. Алеутская, 14"
61,Особняк Бриннеров,"Приморский край, г. Владивосток, ул. Алеутская, 15, стр. Б"
62,Здание Купеческого собрания,"Приморский край, г. Владивосток, ул. Алеутская, 16"
63,"Ансамбль многоэтажных жилых домов - памятник советской архитектуры 30-х годов
 АНСАМБЛЬ","Приморский край, г. Владивосток, ул. Алеутская, д. 17, 19"
64,"Здание бывшего театра ""Золотой Рог"", в котором в 1923 году перед трудящимися Владивостока выступал М.И. Калинин","Приморский край, г. Владивосток, ул. Светланская, 13"
65,Доходный дом,"Приморский край, г. Владивосток, ул. Алеутская, 26, стр. 1"
66,Доходный дом,"Приморский край, г. Владивосток, ул. Алеутская, 26"
67,Доходный дом,"Приморский край, г. Владивосток, ул. Алеутская, 26"
68,Доходный дом,"Приморский край, г. Владивосток, ул. Алеутская, 31"
69,"Здание «Главсевморпути» - центра арктических операций в 30-х годах, штаба по спасению челюскинцев","Приморский край, г. Владивосток, ул. Алеутская, 38 (ул. Фонтанная, 22)"
70,Доходный дом,"Приморский край, г. Владивосток, ул. Алеутская, 39, строение 1"
71,"Гостиница ""Ницца""","Приморский край, г. Владивосток, ул. Алеутская, 44"
72,"Дом исследователя края, педагога и общественного деятеля В.П. Маргаритова","Приморский край, г. Владивосток, ул. Алеутская, 43"
73,Доходный дом,"Приморский край, г. Владивосток, ул. Алеутская, 53"
74,Владивостокская городская больница кардиологический корпус,"Приморский край, г. Владивосток, ул. Алеутская, 57, корп. 1"
75,Владивостокская городская больница,"Приморский край, г. Владивосток, ул. Прапорщика Комарова, д. 1В"
76,"Ансамбль застройки улицы Арсеньева 
 (7 строений)
 АНСАМБЛЬ","Приморский край, г. Владивосток, ул. 1-я Морская, пер. Красноармейский, ул. Бестужева"
77,Дом жилой,"Приморский край, г. Владивосток, ул. Арсеньева, д.4, стр. А"
78,Дом жилой,"Приморский край, г. Владивосток, ул. Арсеньева, 4а, (стр. Б)"
79,Дом жилой. Здесь в 1927-1930 гг. жил исследователь Дальнего Востока Арсеньев Владимир Клавдиевич,"Приморский край, г. Владивосток, ул. Арсеньева, 7"
80,Дом жилой,"Приморский край, г. Владивосток, Арсеньева ул., 8"
81,Дом жилой,"Приморский край ,г. Владивосток, ул. Арсеньева ,15,стр.Б"
82,Дом жилой,"Приморский край ,г. Владивосток, ул. Арсеньева,15,стр.В"
83,Дом жилой,"Приморский край, г. Владивосток, ул. Арсеньева, 17, стр. А"
84,"Дом жилой М. К.Федорова, первого городского головы», 1881–1885 гг","Приморский край, г. Владивосток, Красноармейский пер., 18"
85,Особняк коменданта Владивостокской крепости,"Приморский край, г. Владивосток, ул. Бестужева, 37"
86,"Памятник рабочим и служащим завода «Металлист», отдавшим жизнь в боях за Родину в 1941-1945 гг","Приморский край, г. Владивосток, в районе ул. Арсеньева, д. 2"
87,Жилой дом военного ведомства,"Приморский край, г. Владивосток, ул. Бестужева, 28"
88,"Покровское кладбище: захоронение; фундамент храма Покрова Пресвятой Богородицы; территория зеленых насаждений
 АНСАМБЛЬ","Приморский край, г. Владивосток, в границах: Океанский проспект, ул. Московская, Партизанский проспект, ул. Октябрьская"
89,Административное здание железнодорожного ведомства,"Приморский край, г. Владивосток, ул. Верхнепортовая, 1"
90,"Здание офицерского собрания бывшей Владивостокской крепости, в котором в 1900 г. работал выдающийся русский военный инженер К.И.Величко – создатель Владивостокской крепости","Приморский край, г. Владивосток, ул. Верхнепортовая, 2б"
91,Административное здание железнодорожного ведомства,"Приморский край, г. Владивосток, ул. Верхнепортовая, 3"
92,Общинный дом армяно-григорианской общины,"Приморский край, г. Владивосток, ул. Володарского, 13"
93,Лестница гранитная,"г. Владивосток, Володарского ул., у дома № 19"
94,Здание бывшего католического костёла,"Приморский край, г. Владивосток, ул. Володарского, 22"
95,Дом Лукьянова,"Приморский край, г. Владивосток, ул. Всеволода Сибирцева, 4"
96,Дом Попугаева,"Приморский край, г. Владивосток, ул. Всеволода Сибирцева, 9"
97,Дом Ющенкова,"Приморский край, г. Владивосток, ул. Всеволода Сибирцева, 12"
98,Общежитие студентов Восточного института,"Приморский край, г. Владивосток, ул. Всеволода Сибирцева, 15, строение 1"
99,Жилой дом,"Приморский край, г. Владивосток, ул. Всеволода Сибирцева, 15, стр. 4"
100,Жилой дом,"Приморский край, г. Владивосток, ул. Всеволода Сибирцева, 35"
101,"Дом, в котором в 1918-1922 гг. размещалась нелегальная типография Далькрайкома РКП(б) и печаталась газета ""Красное знамя""","Приморский край, г. Владивосток, ул. Всеволода Сибирцева, 67"
102,"Дом, в котором в декабре 1919 г. нелегально проживал С. Лазо","Приморский край, г. Владивосток, ул. Всеволода Сибирцева, 91"
103,"Памятный знак ""Конец Транссибирской магистрали""","Приморский край, г. Владивосток, ж/д ст. Владивосток, перрон"
104,Жилой дом военного ведомства,"Приморский край, г. Владивосток, ул. Луцкого, 8"
105,Жилой дом военного ведомства,"Приморский край, г. Владивосток, ул Луцкого, 12"
106,Никольская часовня,"Приморский край, г. Владивосток, ул. Ивановская, 3б"
107,Монумент в честь 100-летия Морского госпиталя - старейшего лечебного учреждения Владивостока,"Приморский край, г. Владивосток, ул. Ивановская, терр. госпиталя"
108,Памятник Герою Советского Союза М.Н.Цукановой,"Приморский край, г. Владивосток, ул. Ивановская, у въезда на терр.госпиталя КТОФ"
109,"Ансамбль застройки главного госпиталя Сибирской флотилии 1895-1908
 АНСАМБЛЬ","Приморский край, г. Владивосток, ул Ивановская, 4, корп. 1-10"
110,"Достопримечательное место ""Экипажная слобода»","Приморский край, г. Владивосток, южный склон горы Буссе между её южным и юго-восточным отрогами, между улицами Светланской, Всеволода Сибирцева, Шилкинской"
111,"Памятный знак на месте, где в 1907 г. выбросился на берег революционный корабль ""Скорый""","Приморский край, г. Владивосток, ул. Корабельная Набережная"
112,"Мемориальный корабль - музей ""Красный вымпел""","Приморский край, г. Владивосток, Корабельная наб., причал N 34"
113,"Мемориальный комплекс ""Боевая слава Краснознаменного Тихоокеанского флота""","Приморский край, г. Владивосток, ул. Петра Великого, в районе д. 4"
114,Мемориальный корабль - подводная лодка С-56,"Приморский край, г. Владивосток, Корабельная набережная, 36-й причал"
115,"Здание спортивного клуба ""Сокол"" - старейшее спортивное сооружение Владивостока","Приморский край, г. Владивосток, ул. Корабельная наб., д. 21"
116,"Памятный знак на месте высадки основателей поста Владивосток с корабля ""Манчжур""","Приморский край, г. Владивосток, ул. Береговая, в районе д. 3"
117,"Здание частной типографии ""Экспресс""","Приморский край, г. Владивосток, переулок Краснознаменный, 3"
118,Здание российского транспортного страхового общества,"Приморский край, г. Владивосток, переулок Краснознаменный, 5"
119,Доходный дом,"Приморский край, г. Владивосток, переулок Краснознаменный, 10"
120,Дом Телецкого,"Приморский край, г. Владивосток, переулок Краснознаменный, 12"
121,Дом Телецкого,"Приморский край, г. Владивосток, ул. Семеновская, д. 29"
122,"Здание, в котором размещалось Владивостокское городское училище - старейшее учебное заведение Владивостока","Приморский край, г. Владивосток, ул. Лазо, 4"
123,Жилой дом,"Приморский край, г. Владивосток, ул. Лазо, 6-Б"
124,"Дом, в котором в 1921 г. размещалась подпольная типография и конспиративная явка Владивостокской организации РКП(б)","Приморский край, г. Владивосток, ул. Лазо, 20"
125,"Дом, в котором находилась конспиративная квартира председателя Облревкома В.Шишкина в 1921 г","Приморский край, г. Владивосток, ул. Лазо, 16"
126,Склад-холодильник «Унион»,"Приморский край, г. Владивосток, Ланинский пер., 4"
127,Памятник адмиралу С.О.Макарову,"Приморский край, г.Владивосток,в районе ул.Набережная,20"
128,Дом жилой,"Приморский край, г. Владивосток, ул. Луговая, 21"
129,"Здание, в котором в 1921-1924 гг. размещался Владивостокский (ныне - Дальневосточный) политехнический институт","Приморский край, г. Владивосток, ул. Луговая, 33"
130,Канцелярия 2-го округа Приамурского Акцизного Управления,"Приморский край, г. Владивосток, ул. Мордовцева, 5"
131,Доходный дом,"Приморский край, г. Владивосток, ул. Мордовцева, д.8"
132,"Кинотеатр ""Океан""","Приморский край, г. Владивосток, ул. Набережная, 3"
133,Дом Суворова,"Приморский край, г. Владивосток, ул. Набережная, 12"
134,"Памятник (бюст) Героя Советского Союза Елизаветы Чайкиной, 1969 г","Приморский край, г. Владивосток, ул. Набережная, в районе д. 1"
135,"Здание Морвокзала Владивостокского торгового порта, постройки 1964 г., архитектор М. Бронников","Приморский край, г. Владивосток, ул. Нижнепортовая, 1"
136,Дом жилой,"Приморский край, г. Владивосток, ул. Новоивановская, 3"
137,Дом жилой,"Приморский край, г. Владивосток, Океанский пр., 8, стр.А"
138,Дом жилой,"Приморский край, г. Владивосток, ул. Адмирала Фокина, 22"
139,Жилой дом,"Приморский край, г. Владивосток, Океанский пр., 12"
140,Дом доходный,"Приморский край, г. Владивосток, Океанский пр., 13а, стр. Б"
141,Здание Черепановской школы,"Приморский край, г. Владивосток, Океанский пр., 18, лит.А"
142,"Здание гостиницы ""Красный Владивосток""","Приморский край, г. Владивосток, Океанский пр., 19, лит.А"
143,Здания Владивостокского телеграфа,"Океанский пр.,24, лит.А"
144,"Здание гостиницы ""Сибирское подворье"", связанное с пребыванием во Владивостоке известных ученых: профессора П. В. Виттенбурга, академика В. Л. Комарова, певицы А. Вяльцевой","Приморский край, г. Владивосток, Океанский пр-кт, 26"
145,Жилой дом,"Приморский край, г. Владивосток, Океанский пр., 28/54"
146,Детская больница,"Приморский край, Владивостокский городской округ, г. Владивосток, Океанский проспект, 35"
147,Педагогический техникум,"Приморский край, г. Владивосток, Океанский пр-кт, 37"
148,"Дом, в котором в 1919-1925 гг. жил известный исследователь края Арсеньев В.К","Приморский край, г. Владивосток, ул. Петра Великого, 2 лит. А"
149,Здание Общества изучения Амурского края – старейшего научного учреждения Приморья,"Приморский край, г. Владивосток, ул. Петра Великого, 4"
150,Здание музея Общества изучения Амурского края – старейшего музея Дальнего Востока,"Петра Великого ул., 6"
151,"Здание Нового театра (к-р ""Приморье"")","Приморский край, г. Владивосток, ул. Петра Великого, 8"
152,Памятный знак в честь гидрографов-исследователей дальневосточных морей,"Приморский край, г. Владивосток, Первого Мая, у дома № 4"
153,"Памятник рабочим производственного объединения «Эра», погибшим на фронтах Великой Отечественной войны","Приморский край, г. Владивосток, ул. Пионерская, территория предприятия"
154,Дом А.Д.Старцева,"Приморский край, г. Владивосток, ул. Пограничная, 2"
155,"Ансамбль жилых домов
 АНСАМБЛЬ","Приморский край, г. Владивосток, ул. Махалина, д. 14, стр. 1, 2, 3"
156,Дом К.Ф. Ильницкого,"г. Владивосток, Пограничная ул, 10"
157,Дом доходный,"Приморрский край, г. Владивосток, ул. Пограничная, 12 а"
158,Доходный дом Сигитаро-Такунаго,"Приморский край, г. Владивосток, ул. Пограничная, 12 (ул. Семеновская, 3) стр. Д"
159,Доходный дом Сигитаро-Такунаго,"Приморский край, г. Владивосток, Семёновская ул., 3а"
160,Дом доходный Ван-тын-сина,"Приморский край, г. Владивосток, ул. Пограничная, 12 в"
161,Доходный дом Ван-тын-сина,"Пограничная ул, 12 г"
162,Дом Ван-тын-сина,"Приморский край, г. Владивосток, Пограничная ул, 12 (Семеновская ул., 3) стр. А, Б)"
163,Здание китайского театра,"Приморский край, г. Владивосток, Пограничная ул, 12Б"
164,Памятный знак на месте захоронения русской революционерки-народоволки Волкенштейн Л.А.,"Приморский край, г. Владивосток, Покровский парк"
165,Жилой дом,"Приморский край, г. Владивосток, ул. Пологая, 16"
166,Доходный дом,"Приморский край, г. Владивосток, ул. Пологая, 17, стр. 1"
167,Жилой дом,"Приморский край, г. Владивосток, ул. Пологая, 19"
168,"Дом, в котором жил и работал известный общественный деятель края В.П. Маргаритов","Приморский край, г. Владивосток, ул. Пологая, 36"
169,Жилой дом,"Приморский край, г. Владивосток, ул. Пологая, 46"
170,Здание духовной консистории Владивостокской епархии,"Приморский край, г. Владивосток, ул. Пологая, 65"
171,Жилой особняк И.Лангелитье,"Приморский край, г. Владивосток, ул. Пологая, 67"
172,Жилой дом,"Приморский край, г. Владивосток, ул. Пологая, 69"
173,Жилой дом,"Приморский край, г. Владивосток, ул. Посьетская, 21"
174,Жилой дом,"Приморский край, г. Владивосток, ул. Посьетская, 43"
175,Жилой дом почтового ведомства,"Приморский край, г. Владивосток, пер. Почтовый, д. 5"
176,Жилой дом почтового ведомства,"Приморский край, г. Владивосток, Почтовый пер., 5б"
177,Доходный дом,"Приморский край, г. Владивосток, Почтовый пер., 7"
178,Жилой дом почтового ведомства,"Приморский край, г. Владивосток, Почтовый пер., 7А"
179,Синагога,"Приморский край, г. Владивосток, ул. Прапорщика Комарова, д. 5"
180,Жилой дом,"Приморский край, г. Владивосток, ул. Прапорщика Комарова ул., 7, стр.2"
181,Жилой дом,"Приморский край, г. Владивосток, ул. Прапорщика Комарова, 9, стр. 1"
182,Жилой дом,"Приморский край, г. Владивосток, ул. Прапорщика Комарова, 9, стр. 3"
183,Жилой дом,"Приморский край, г. Владивосток, ул. Прапорщика Комарова, 13"
184,Жилой дом,"Приморский край, г. Владивосток, ул. Прапорщика Комарова, 15, стр. А"
185,Жилой дом,"Приморский край, г. Владивосток, ул. Прапорщика Комарова, д. 19/2"
186,"Дом, в котором в 1910 - 1913 гг. жил известный советский писатель А.А. Фадеев","Приморский край, г. Владивосток, ул. Прапорщика Комарова, 21"
187,"Дом, в котором в 1884-1889 гг. жил известный исследователь края, основатель Общества изучения Амурского края Ф.Ф. Буссе","Приморский край, г. Владивосток, ул. Прапорщика Комарова, 23а"
188,Многоквартирный жилой дом - памятник творчества известного дальневосточного архитектора А. И. Порецкого (ныне - художественное училище),"Приморский край, г. Владивосток, ул. Пушкинская, 2 (ул. Светланская, 65а)"
189,"Дом известного общественного деятеля Владивостока Н.В. Соллогуба, в котором в 1884 г. начала издаваться газета Владивосток- первая газета края","Приморский край, г. Владивосток, ул. Пушкинская, 7"
190,Жилой дом,"Приморский край, г. Владивосток, ул. Пушкинская, 8"
191,Жилой дом,"Приморский край, г. Владивосток, ул. Пушкинская, 8-А"
192,Жилой дом,"Приморский край, г. Владивосток, ул. Пушкинская, 8б"
193,Здание бывшей лютеранской церкви святого Павла (ныне - Исторический музей ТОФ),"г. Владивосток, Пушкинская ул., 14"
194,Жилой дом,"Приморский край, г. Владивосток, ул. Пушкинская, 15, стр. 1"
195,Жилой дом,"Приморский край, г. Владивосток, ул. Пушкинская, 15, стр. 2 (Б)"
196,Жилой дом,"Приморский край, г. Владивосток, ул. пушкинская, 15, стр. 3 (А)"
197,Жилой дом,"Приморский край, г. Владивосток, ул. Пушкинская, 16"
198,Жилой дом,"Приморский край, г. Владивосток, ул. Пушкинская, 17"
199,Здание бывшего Китайского консульства,"Приморский край, г. Владивосток, ул. Пушкинская, 19"
200,Жилой дом,"Приморский край, г. Владивосток, ул. Пушкинская, 20"
201,Жилой дом,"Приморский край, г. Владивосток, ул. Пушкинская, 22"
202,Здание казначейства,"Приморский край, г. Владивосток, ул. Пушкинская, 23"
203,"Дом, в котором в 1918-1920 гг. жил известный советский поэт Н. Асеев","Приморский край, г. Владивосток, Пушкинская ул., 25"
204,Жилой дом,"Приморский край, г. Владивосток, ул. Пушкинская, 25 е"
205,Жилой дом,"Приморский край, г. Владивосток, Пушкинская ул., 25 в"
206,"Жилой дом - памятник советской архитектуры 40-х годов, памятник творчества архитектора А.И. Порецкова","Приморский край, г. Владивосток, ул. Пушкинская, 25а"
207,"Здание бывшего Собрания приказчиков, в котором в 1906 г. нелегально работал первый социал-демократический кружок под руководством Л.М. Карахана, впоследствии известного советского дипломата","Приморский край, г. Владивосток, ул. Пушкинская, 27"
208,"Дом Синкевича.
 АНСАМБЛЬ","Приморский край, г. Владивосток, ул. Пушкинская, 33 (стр. 1,2,3,4)"
209,Жилой дом,"Приморский край, г. Владивосток, ул. Пушкинская, д. 35"
210,"""Ансамбль деловых и жилых домов братьев Синкевича и Фихмана ""
 АНСАМБЛЬ","Приморский край, ул. Пушкинская, 33 и 35"
211,"Дом, в котором жил и работал известный общественный деятель края Соловьев Н.М","Приморский край, г. Владивосток, ул. Пушкинская, 37"
212,Здание Министерской женской гимназии (ныне - средняя школа № 9),"Приморский край, г. Владивосток, ул. Пушкинская, 39"
213,"Здание Инженерного управления Владивостокской крепости, в котором в 1912-1915 гг. работал известный русский военный инженер А.П. Шошин","Приморский край, г. Владивосток, ул. Пушкинская, 41"
214,Памятник герою-комсомольцу Виталию Баневуру,"Приморский край, г. Владивосток, в районе ул. Пушкинская, 63"
215,Жилой дом,"Приморский край, г. Владивосток, ул. Пушкинская, 69"
216,Жилой дом,"Приморский край, г. Владивосток, ул. Пушкинская, 71"
217,Жилой дом,"Приморский край, г. Владивосток, ул. Пушкинская, 73"
218,Жилой дом,"Приморский край, г. Владивосток, ул. Пушкинская, 97"
219,Жилой дом,"Приморский край, г. Владивосток, ул. Пушкинская, 99"
220,Памятник (Бюст) А.С. Пушкину,"Приморский край, г. Владивосток, в районе ул. Пушкинская, бульвар"
221,"Памятник политехникам, погибшим в годы Великой Отечественной войны","Приморский край, г. Владивосток, район ул. Пушкинская, д. 31"
222,Жилой дом,"Приморский край, г. Владивосток, ул. Пушкинская, д. 101"
223,Жилой дом,"Приморский край, г. Владивосток, ул. Пушкинская, 105"
224,Жилой дом,"Приморский край, г. Владивосток, ул. Пушкинская, д. 111"
225,Жилой дом,"Приморский край, г. Владивосток, ул. Пушкинская, 115"
226,Здание китайского театра,"Приморский край, г. Владивосток, ул. Семеновская, 5"
227,Жилой дом,"Приморский край, г. Владивосток, ул. Семеновская, 5А"
228,Жилой дом,"Приморский край, г. Владивосток, ул. Семеновская, 5Б"
229,Жилой дом,"Приморский край, г. Владивосток, Семеновская ул., 7В"
230,Баня Аморандоса,"Приморский край, г. Владивосток, ул. Семеновская, 7А"
231,"Здание редакции газета ""Владиво-Ниппо""","Приморский край, г. Владивосток, ул. Семеновская ул., 7 б"
232,Здание китайского театра,"Приморский край, г. Владивосток, Семеновская ул., 6"
233,Дом Т.И. Иванова,"Приморский край, г. Владивосток, ул. Семеновская, 10"
234,Жилой дом (музей погранвойск),"Приморский край, г. Владивосток, ул. Семеновская, 17/19"
235,Жилой дом военного ведомства,"Приморский край, г. Владивосток, ул. Семеновская, 18"
236,Жилой дом,"Приморский край, г. Владивосток, ул. Семёновская, д. 21"
237,Жилой дом,"Приморский край, г. Владивосток, ул. Семеновская, 22"
238,"Памятный знак на месте первого гражданского дома Владивостока, принадлежавшего Семенову Я.Л","Приморский край, г. Владивосток, в районе ул. Светланская, 44"
239,"Здание театра и гостиницы ""Тихий океан""","Приморский край, г. Владивосток, ул. Светланская, 1"
240,Дом доходный Коркина,"Приморский край, г. Владивосток, ул. Светланская, д.4"
241,Дом доходный Медведева,"Приморский край, Владивостокский городской округ, ул. Светланская, 5"
242,Доходный дом Жуклевича,"Приморский край, Владивостокский городской округ, Светланская ул., 5 Б"
243,Номера “Россия” (Дом Колесниковых),"Приморский край, г. Владивосток, ул. Светланская, 6"
244,"«Дом Колесниковых», начало XX в","Приморский край, г. Владивосток, ул. Светланская, 6, стр. Б"
245,"""Чайный дом"" и склад мануфактуры Жуклевича, 1901 г","Приморский край, г. Владивосток, Светланская ул., 7"
246,"Дом Золотухина (гостиница ""Европа"")","Приморский край, г. Владивосток, ул. Светланская, 8"
247,Дом жилой,"Приморский край, г. Владивосток, Светланская ул., 9а"
248,"Гостиница ""Централь""","Приморский край, г. Владивосток, Светланская ул., д.11"
249,25:28:020024:78 Золотосплавная лаборатория Русско-Азиатского банка,"Приморский край, г. Владивосток, ул. Светланская, 12"
250,Здание Центросоюза – центр профсоюзного движения и нелегальной деятельности Владивостокской организации РКП/б/ в годы гражданской войны,"Приморский край, г. Владивосток, ул. Светланская, 14 (ул. Посьетская, 48)"
251,Дом Багинова,"Приморский край, г. Владивосток, ул. Светланская, 16"
252,Доходный дом Берковича,"Приморский край, г. Владивостокский городской округ, ул. Светланская, 18, лит. А"
253,Доходный дом Берковича,"Приморский край, г. Владивосток, ул. Светланская, 18 стр 2"
254,Банк Сибирский (дом В.П.Бабинцева),"Приморский край, г. Владивосток, ул. Светланская, 20"
255,Театр Юного Зрителя им. Ленинского комсомола – один из первых детских театров на Дальнем Востоке,"Приморский край, г. Владивосток, Светланская ул., 15а"
256,Дом доходный,"Приморский край, ул. Светланская, 15"
257,Доходный дом Катчана,"Приморский край, г. Владивосток, Светланская ул., 17"
258,25:28:020022:65 Доходный дом Тау-Цзе-линь,"Приморский край, г. Владивосток, ул. Светланская, д. 23 (лит.2)"
259,Доходный дом Тау-Цзе-линь,"Приморский край, г. Владивосток, ул. Светланская, 23, строение 1"
260,Здание Дальневосточного технического института рыбной промышленности и хозяйства,"Приморский край, г. Владивосток, ул. Светланская, 27"
261,Дом Иогана Лангелитье,"Приморский край, г. Владивосток, ул. Светланская, д. 29, лит. А"
262,Дом товарищества Кунст и Альберс,"Приморский край, г. Владивосток, ул. Светланская, 31, строение 1"
263,"Здание кинотеатра ""Уссури"" - памятник советской архитектуры 20-х годов","Светланская ул., 31, стр.2"
264,Дом товарищества Кунст и Альберс,"Приморский край, г. Владивостокский городской округ, Светланская ул., 31-В"
265,Дом товарищества Кунст и Альберс,"Приморский край, г. Владивосток, ул. Светланская, 31, стр. 4"
266,Дом товарищества Кунст и Альберс,"Приморский край, г. Владивосток, ул. Светланская, 33"
267,"Здание универсального магазина ""Торгового дома Кунста и Альберса""-ГУМ","Приморский край, г. Владивосток, ул. Светланская, 35"
268,Доходный дом Даттана,"Приморский край, г. Владивосток, ул. Светланская, 37"
269,"Ансамбль жилых домов - памятник деревянного зодчества
 АНСАМБЛЬ","Приморский край, г. Владивосток, ул. Светланская, 39 ( строения 1,2,3)"
270,Жилой дом,"Приморский край, г. Владивосток, ул. Светланская, 39"
271,Жилой дом,"Приморский край, г. Владивосток, Светланская ул., 39а"
272,Жилой дом,"Приморский край, г. Владивосток, ул. Светланская, 39 б"
273,Жилой дом,"Приморский край, г.Владивосток, ул.Светланская, 39 в"
274,"Административное здание ""Торгового дома Кунст и Альберс""","Приморский край, г. Владивосток, ул. Светланская, 40"
275,Здание Владивостокской почтово-телеграфной конторы (почтамт),"Приморский край, г. Владивосток, ул. Светланская, 41"
276,Здание клуба работников связи - старейший центр профдвижения во Владивостоке,"Приморский край, г. Владивосток, ул. Светланская, 41А"
277,«Доходный дом Пьянкова (Книготорг)»,"Приморский край, г. Владивосток, ул. Светланская, 43"
278,Доходный дом Шевелева,"Приморский край, г. Владивосток, ул. Светланская, 44"
279,"Здание ""Нового магазина Т.Д. Чурин и Касьянов"" (филиал ГУМА, гастроном № 4","Приморский край, г. Владивосток, ул. Светланская, 45"
280,Дом первого жителя г. Владивостока Семенова Я.Л,"Приморский край, г. Владивосток, ул. Светланская, 46"
281,Здание Приморского крайкома КРСС - памятник советской архитектуры 30-х год,"Приморский край, г. Владивосток, ул. Светланская, 47"
282,"Здание Дальневосточного филиала Академии наук СССР - первого периферийного филиала Академии, организованного известным советским ученым академиком В.Л. Комаровым в 1932 г","Приморский край, г. Владивосток, ул. Светланская, 50"
283,Доходный дом,"Приморский край, г. Владивосток, ул. Светланская, д. 51"
284,Здание кондитерской Кокина,"Приморский край, г. Владивосток, ул. Светланская, 53, стр. 2"
285,Доходный дом Бюргина,"Приморский край, г. Владивосток, ул. Светланская, 53, стр. 3"
286,Здание бывшего городского комитета КПСС,"Приморский край, г. Владивостокский городской округ, ул. Светланская, 54"
287,Дом Штейнбаха,"Приморский край, г. Владивосток, ул. Светланская, 55"
288,Дом жилой,"Приморский край, г. Владивосток, ул. Светланская, 55б"
289,Здание бывшей городской управы 1890-1891 гг,"Приморский край, г. Владивосток, ул. Светланская, 57, стр. 1"
290,Дом Вальдена,"Приморский край, г. Владивосток, ул. Светланская, 61, стр. 1"
291,Дом жилой,"Приморский край, г. Владивосток, ул. Светланская, 61, стр. 2"
292,"Многоквартирный жилой дом - памятник советской архитектуры 30-х годов, памятник творчества архитектора А.А. Заседателева, первого советского архитектора во Владивостоке","Приморский край, г. Владивосток, ул. Светланская, 63"
293,Церковно-приходская школа,"Приморский край, г. Владивосток, ул. Светланская, 65"
294,Штаб Тихоокеанского пограничного округа,"Приморский край, г. Владивосток, ул. Светланская, 67"
295,"Здание Морского собрания, в котором в 1895 - 1896 гг. выступал с докладами известный флотоводец и ученый С.О. Макаров","Приморский край, г. Владивостокский городской округ, ул. Светланская, 68"
296,"Дом, в котором жил известный общественный деятель края А.Д. Старцев","Приморский край, г. Владивосток, ул. Светланская, 69"
297,Здание Приморской краевой конторы Госбанка – место героической обороны дивизиона Народной охраны 25 мая 1921 г,"Приморский край, г. Владивосток, ул. Светланская, 71"
298,Здание бывшего Управления Владивостокского военного порта и Сибирской флотилии,"Приморский край, г. Владивосток, ул. Светланская, 72-в (Ленинская 72)"
299,"Дом в котором жил профессор Позднеев С.П., известный русский филолог, первый ректор Восточного института","Приморский край, г. Владивосток, ул. Светланская, 73 а"
300,"Ансамбль жилых домов Сибирского флотского экипажа (Офицерские флигеля)
 АНСАМБЛЬ","Приморский край, г. Владивосток, ул. Светланская, 66,74, 76, 78,80,80а"
301,Жилой дом,"Приморский край, г. Владивостокский городской округ, ул. Светланская, 66"
302,Дом жилой. Здесь жил географ контр-адмирал Л.А. Дёмин,"Приморский край, г. Владивосток, ул. Светланская, 76"
303,Дом жилой,"Приморский край, г. Владивосток, ул. Светланская, 78"
304,Дом жилой,"Приморский край, г. Владивостокский городской округ, ул. Светланская, 80"
305,Дом командира портов Восточного океана,"Приморский край, г. Владивостокский городской округ, ул. Светланская, 80-А"
306,Жилой дом лейтенантского состава Тихоокеанского флота,"Приморский край, г. Владивосток, ул. Светланская, 85"
307,Здание отделения торгового дома Кунст и Альберс в Офицерской слободе,"Приморский край, г. Владивосток, ул. Светланская, 104"
308,Жилой дом,"Приморский край, г. Владивосток, ул. Светланская, 108"
309,Жилой дом,"Приморский край, г. Владивостокский городской округ, ул. Светланская, 109"
310,Дом доходный Филлипченко А. Б,"Приморский край, г. Владивосток, ул. Светланская, 111"
311,Доходный дом,"Приморский край, г. Владивосток, ул. Светланская, 113"
312,Доходный дом Чирва,"Приморский край, г. Владивосток, ул. Светланская, 114"
313,Здание библиотеки им. Гоголя (ныне – им. М. Горького) – первой на Дальнем Востоке публичной библиотеки,"Приморский край, г. Владивостокский городской округ, ул. Светланская, 119"
314,Жилой дом,"Приморский край, г. Владивосток, ул. Светланская, 127"
315,Жилой дом,"Приморский край, г. Владивосток, ул. Светланская, 131, стр.2"
316,Жилой дом,"Приморский край, г. Владивосток, ул. Светланская, 131"
317,Жилой дом,"Приморский край, г. Владивосток, ул. Светланская, 177, стр.1"
318,Жилой дом,"Приморский край, г. Владивосток, ул. Светланская, 177а"
319,Дом Польского,"Приморский край, г. Владивосток, ул. Светланская, 179"
320,Дом жилой. Здесь жил известный исследователь Дальнего Востока Гек Фридольф Кириллович,"Приморский край, г. Владивостокский городской округ, ул. Светланская, 161а"
321,"Дом, в котором жил известный исследователь Дальнего Востока Фридольф Кириллович Гек","Приморский край, г. Владивосток, ул. Светланская, 161"
322,Доходный дом,"Приморский край, г. Владивосток, ул. Светланская, 181"
323,Многоквартирный жилой дом,"Приморский край, г. Владивосток, ул. Светланская, 205"
324,Жилой дом,"Приморский край, г. Владивосток, ул. Светланская, 209"
325,Памятник летчикам - жертвам американской агрессии 1953 года,"Приморский край, г. Владивосток, в районе ул. Светланская, 119б"
326,"Памятник экипажу шхуны ""Крейсерок"", трагически погибшему в 1890 г. при защите котиковых промыслов Сахалина от американских браконьеров","Приморский край, г. Владивосток, Светланская ул., сквер Матросского клуба"
327,Братская могила жертв революции (332) Братская могила Жертв Революции - место захоронения праха борцов первой русской революции и гражданской войны 1918 - 1922 гг. (125),"Приморский край, г. Владивосток, Светланская ул., сквер им. Невельского"
328,"Входная колоннада стадиона ""Авангард""- памятник творчества известного Приморского архитектора Н.С. Рябова","Приморский край, г. Владивосток, ул. Светланская (Ленинская), стадион ""Авангард"""
329,"Памятник морякам торгового флота, погибшим в годы Великой Отечественной войны","Приморский край, г. Владивосток, в районе ул. Светланская, 63"
330,Здание Совнархоза,"Приморский край, г. Владивосток, ул. Суханова, 3"
331,Дом Поповой,"Приморский край, г. Владивосток, ул. Суханова, 5"
332,"Здание Владивостокского коммерческого училища, в котором в 1913-1919 годах учился А.А.Фадеев, советский писатель","Приморский край, г. Владивосток, ул. Суханова, 8"
333,"Дом, в котором жил К. Суханов","Приморский край, г. Владивосток, ул. Суханова, 9"
334,Дом Беркович,"Приморский край, г. Владивосток, ул. Суханова, 20"
335,Памятник Константину Суханову,"Приморский край, г. Владивосток, в районе ул. Суханова, 6а"
336,"Механический завод Владивостокского военного порта
  
 Достопримечательное место","Приморский край, город Владивосток, северное побережье бухты Золотой Рог"
337,Жилой дом,"Приморский край, г. Владивосток, ул. Тигровая, 23а"
338,Жилой дом,"Приморский край, г. Владивостокский городской округ, ул. Тигровая, 23"
339,Жилой дом,"Приморский край, г. Владивостокский городской округ, ул. Тигровая, 25"
340,Жилой дом,"Приморский край, г. Владивосток, Трудовой пер., 1а"
341,Водонапорная станция железнодорожной станции Владивосток. Служебный корпус,"Приморский край, г. Владивосток, Трудовой пер., 13а"
342,Водонапорная станция железнодорожной станции Владивосток. Водонапорная башня,"Приморский край, г. Владивосток, Ланинский пер., 3, (лит.1)"
343,Дом Даттана,"Приморский край, г. Владивосток, ул. Уборевича, 6А"
344,Здание Алексеевской женской гимназии - ныне школа № I,"Приморский край, Владивостокский городской округ, ул. Уборевича, 8"
345,Владивостокское городское полицейское управление,"Приморский край, г. Владивосток, ул. Уборевича, 11 
 (в РЕЕСТРЕ Уборевича, 9)"
346,"Депо пожарное главное
 АНСАМБЛЬ","Приморский край, г. Владивосток, ул. Уборевича, 9, стр. 2, 3"
347,Жилой дом,"Приморский край, г. Владивосток, ул. Уборевича, д. 10/3"
348,"Здание Владивостокского окружного суда, в котором в 1906-1907 гг. проходили судебные процессы над участниками первой русской революции во Владивостоке","Приморский край, г Владивосток ул. Уборевича, 13"
349,"Здание Дальтелефильма, в котором в 1956 году начал работать первый на Дальнем Востоке телевизионный центр","Приморский край, г. Владивосток, ул. Уборевича, 20а"
350,Жилой дом,"Приморский край, г. Владивосток, ул. Уборевича, 23"
351,Жилой дом,"Приморский край, г. Владивосток, ул. Уборевича, 23-А"
352,Здание старейшей на Дальнем Востоке Пастеровской станции,"Приморский край, г. Владивосток, Уборевича ул., 36"
353,Жилой дом,"Приморский край, г. Владивосток, ул. Уборевича, 38"
354,Могила генерал-губернатора Восточной Сибири графа Н.Н. Муравьева-Амурского,"Приморский край , г. Владивосток, рядом с одноименной могилой, расположенной в сквере Муравьева-Амурского на пересечении ул. Суханова, ул. Лазо и Театрального проезда"
355,Жилой дом,"Приморский край, г. Владивосток, ул. Уткинская, 14"
356,"Дом, в котором жила в 1913–1917 гг. семья известных дальневосточных педагогов и общественных деятелей М.В. и М.Я.Сибирцевых, чьи сыновья Всеволод и Игорь погибли в борьбе за власть Советов","Приморский край, г Владивосток, ул. Уткинская, д 40"
357,Жилой дом - памятник деревянного зодчества,"Приморский край, г. Владивосток, Фонтанная ул., 21"
358,Дом Чистякова,"Приморский край, г. Владивосток, Фонтанная ул., 28"
359,Жилой дом,"Приморский край, г. Владивостокский городской округ, Фонтанная ул., 26"
360,Школа,"Приморский край, г. Владивосток, ул. Фонтанная, 36/38"
361,Жилой дом,"Приморский край, г. Владивосток, ул. Фонтанная, 42"
362,Жилой дом,"Приморский край, г. Владивосток, ул. Уборевича, 17 (ул. Фонтанная, 44)"
363,Жилой дом,"Приморский край, г. Владивосток, ул. Фонтанная, 47"
364,"Дом городского головы И.И. Маковского, в котором в октябре 1890 г. бывал А.П. Чехов","Приморский край, г. Владивостокский городской округ, Дзержинского, 49 (Фонтанная, 49)"
365,Жилой дом,"Приморский край, г. Владивостокский городской округ, ул. Фонтанная, 51 лит. А"
366,Жилой дом,"Приморский край, г. Владивостокский городской округ, Фонтанная ул., 61"
367,Безымянная батарея,"Приморский край, г. Владивосток, ул. Батарейная, 4а"
368,"Тигровая батарея с пушкой полуденного сигнала, где 30 августа 1889 г. был поднят флаг Владивостокской крепости","Приморский край, г. Владивосток, гора Тигровая (высота 79,2), вершина горы"
369,Здание железнодорожного вокзала,"Приморский край, г. Владивосток, ул. Алеутская, 2"
370,Народный дом,"Приморский край, г. Владивосток, ул. Володарского, 19"
371,Здание Восточного института,"Приморский край, г. Владивосток, ул. Пушкинская, 10"
372,"Дом, в котором работал штаб революционных партизанских отрядов Приморья под руководством Лазо Сергея Григорьевича в 1920 г","Приморский край, г. Владивосток, ул. Светланская, 10"
373,"Здание, в котором в 1917-1918 гг. работал Исполком Владивостокского Совета рабочих и солдатских депутатов под руководством К. Суханова","Приморский край, г. Владивосток, ул. Светланская, 52"
374,Памятник Борцам за власть Советов на Дальнем Востоке,"Приморский край, г. Владивосток, в районе ул. Светланская, 38-40"
375,"Братская могила моряков Тихоокеанского флота, погибших в 1945 г. боях с японскими империалистами","Приморский край, город Владивосток, в районе улицы Светланская, 173"
376,Памятник исследователю Дальнего Востока Невельскому Геннадию Ивановичу,"Приморский край, г. Владивосток, ул. Светланская в районе д. 67"
377,Памятник В.И. Ленину,"Приморский край, г Владивосток, в районе ул. Посъетская, д. 24 (вокзальная площадь)"
378,Памятник Лазо Сергею Георгиевичу,"Приморский край, г. Владивосток, в районе ул. Петра Великого, 49"
379,Многоэтажный жилой дом - памятник советской архитектуры 30-х годов,"Приморский край, г. Владивостокский городской округ, ул. Алеутская, 17"
380,Административное здание Владивостокского коммерческого порта,"Приморский край, г. Владивосток, ул. Нижнепортовая, 1 а"
381,Жилой дом,"Приморский край, г. Владивосток, ул. Светланская, 53 стр. 1"
382,Доходный дом Унжакова,"Приморский край, г. Владивосток, ул. Светланская, 59"
383,Здание морского вокзала,"Приморский край, г. Владивосток, ул. Нижнепортовая, 3"
384,"Банк Сибирский (дом В.П. Бабинцева), 1903–1906 гг.","Приморский край, г. Владивосток, ул. Алеутская, 21"
385,"Архитектурный ансамбль застройки участка улицы Светланской (20 строений)
 АНСАМБЛЬ","Приморский край, г. Владивосток, ул. Светланская от ул. Набережной до ул. Алеутской"
386,Чертежный отдел Приморского переселенческого района,"Приморский край, г. Владивосток, ул. Фонтанная, 24"
387,Жилой дом,"Приморский край, г. Владивосток, ул. Светланская, 131, стр. 1"
388,"Дом, в котором в 1884-1889 гг. жил известный исследователь края, основатель Общества изучения Амурского края Ф.Ф. Буссе","Приморский край, Владивостокский городской округ, ул. Прапорщика Комарова, 23 (лит.Б)"
389,"Владивостокская городская больница
 АНСАМБЛЬ","Приморский край, г. Владивосток, ул. Алеутская, д. 57, корпус 1,2,3,4"
390,Жилой дом,"Приморский край, г. Владивосток, ул. Семеновская, 7"
391,Дом жилой,"Приморский край, г. Владивосток, ул. Светланская, 74"
392,"Ансамбль ""доходных домов ""Л.Скидельского
 АНСАМБЛЬ","Приморский край, г. Владивосток, пр-кт Океанский, 30"
393,Жилой дом Приморской епархии,"Приморский край, г. Владивосток, ул. Всеволода Сибирцева, 16"
394,Жилой дом Приморской епархии,"Приморский край, г. Владивосток, ул. Ключевая, 5"
395,Тоннель им. И.В. Сталина,"Приморский край, г. Владивосток, между железнодорожными станциями «Луговая» и «3-я Рабочая»"
396,Депо вагонное городского трамвайного парка,"Приморский край, г. Владивосток, ул. Светланская, 223"
397,Геодезический знак,"Приморский край, г. Владивосток, Алексеевская сопка (высота 82.,1), вершина"
398,Жилой дом,"Приморский край, г. Владивосток, ул. Пушкинская, 25б"
399,"Склад ""Пекин""","Приморский край, г. Владивосток, ул. Адмирала Фокина, 26"
400,Доходный дом Сигитаро-Такунаго,"Приморский край, г. Владивосток"
401,Доходный дом Сигитаро-Такунаго,"Приморский край, г. Владивосток, Семеновская, 3а"
402,Жилой дом,"Приморский край, г. Владивосток, Пушкинская, 25, строение 4"
403,Владивостокская городская больница,"Приморский край, г. Владивосток"
404,Владивостокская городская больница,"Приморский край, г. Владивосток, ул. Алеутская, 57д"
405,Банк Сибирский (Дом В.П. Бабинцева),"Приморский край, г. Владивосток, ул. Алеутская, 23"
406,"Памятник морякам-катерникам I -ой Краснознаменной бригады ТОФ, погибшим в боях за Родину в 1941 - 1945 гг","Приморский край, г. Владивосток, ул. Светланская, сквер Матросского клуба"
407,Жилой дом,"Приморский край, г. Владивосток, ул. Пушкинская, 17а"
408,Гостиница Доброфлота,"Приморский край, г. Владивосток, ул. Верхнепортовая, 7"
409,Жилой дом,"Приморский край, г. Владивосток, ул. Верхнепортовая, 20"
410,Здание переселенческой больницы,"Приморский край, г. Владивосток, ул. Верхнепортовая, 27"
411,Жилой дом,"Приморский край, г. Владивосток, ул. Верхнепортовая, 29"
412,Здание первой радиотелеграфной станции,"Приморский край, г. Владивосток, ул. Верхнепортовая, 40"
413,Кинотеатр “Вымпел”,"Приморский край, г. Владивосток, ул. Верхнепортовая, 72"
414,Казарма Владивостокского гарнизона,"Приморский край, г. Владивосток, ул. Казанская, 9"
415,Жилой дом,"Приморский край, г. Владивосток, ул. Крыгина, 5"
416,Здание военного ведомства,"Приморский край, г. Владивосток, ул. Морозова, 2"
417,Здание военного ведомства,"Приморский край, г. Владивосток, ул. Морозова, 5"
418,Здание военного ведомства,"Приморский край, г. Владивосток, ул. Морозова, 8"
419,Здание военного ведомства,"Приморский край, г. Владивосток, ул. Морозова, 7, стр. 1"
420,Здание военного ведомства,"Приморский край, г. Владивосток, ул. Морозова, 10"
421,"Братская могила младшего командира Миронова и бойцов Красной Армии, погибших в 1938 г. в боях у озера Хасан","Приморский край, г. Владивосток, в районе ул. Лукоморье, 4"
422,"Шкотовский створ маяков (маяк, два створных знака)
 АНСАМБЛЬ","Приморский край, п-ов Шкота, ул. Транспортная"
423,Казарма 3–го артиллерийского полка Владивостокской крепости,"Приморский край, г. Владивосток, ул. Розничная, 43"
424,Дом военного ведомства,"Приморский край, г. Владивосток, ул. Саратовская, 4"
425,Жилой дом военного ведомства,"Приморский край, г. Владивосток, ул. Станюковича, 53"
426,Иннокентьевская батарея (батарея № VIII),"Приморский край, г. Владивосток, Станюковича ул., у дома № 41-а"
427,"Токаревская мортирная батарея. (Южная полубатарея, Северная полубатарея)","Приморский край, г. Владивосток, ул. Американская, ул. Лукоморье, ул. Токаревская кошка, высота 94,3 между ними, вершина высоты; высота 90,6, вершина высоты, ул. Лукоморье, 1а"
428,Батарея Токаревская нижняя,"Приморский край, г. Владивосток, Токаревский маяк ул., высота 90,6, юго-западный склон высоты в 0,4 км от вершины в районе отметки 22,8"
429,Пороховой погреб П 4,"Приморский край, г. Владивосток, в районе ул. Верхнепортовая, 68"
430,"Каланча Эгершельдской пожарной команды, где формировался комсомольский батальон им. К.Либкнехта и был склад оружия","Приморский край, г. Владивосток, ул. Сипягина, 22 д"
431,Здание военного ведомства,"Приморский край, г. Владивосток, ул. Крыгина, 19 строение 1"
432,Здание военного ведомства,"Приморский край, г. Владивосток, ул. Крыгина, д. 19 строение 2"
433,Полукапонир береговой противодесантный №20,"Приморский край, г. Владивосток, ул. Западная, 29, в 45 м западнее стр. «Лит. А2»"
434,"Доходный дом Пьянкова
 АНСАМБЛЬ","Приморский край, г. Владивосток, ул. Адмирала Фокина, 5, 5а, 5б"
435,"Памятник рабочим Владивостокского
 судоремонтного завода, погибшим на фронтах Великой Отечественной войны","Приморский край,
 г. Владивосток, ул. Нижнепортовая, д. 3 на земельном участке с кадастровым номером
 25:28:020031:166"
436,Городской дом,"Приморский край, г. Владивосток, ул. Светланская, 38/40 (улица Светланская, дом 38)"